response time:defaultUsageScenario;ContinuousProcessingRateDegreeImpl:Server1:CPU;ContinuousProcessingRateDegreeImpl:Server1:HDD;ContinuousProcessingRateDegreeImpl:Server2:CPU;ContinuousProcessingRateDegreeImpl:Server2:HDD;ContinuousProcessingRateDegreeImpl:Server3:CPU;ContinuousProcessingRateDegreeImpl:Server3:HDD;ContinuousProcessingRateDegreeImpl:DBServer:CPU;ContinuousProcessingRateDegreeImpl:DBServer:HDD;AssembledComponentDegreeImpl:Assembly_TripDB;AssembledComponentDegreeImpl:Assembly_Exporter;AssembledComponentDegreeImpl:Assembly_BookingSystem;AllocationDegreeImpl:Allocation_Assembly_C1 <C1> <C1>;AllocationDegreeImpl:Allocation_Assembly_C2 <C2> <C2>;AllocationDegreeImpl:Allocation_Assembly_C3 <C3> <C3>;AllocationDegreeImpl:Allocation_Assembly_DB;AllocationDegreeImpl:Allocation_Assembly_Exporter;CapacityDegreeImpl:semaphore;Candidate ID;
Infinity;4.5;1000.0;3.0;1000.0;3.0;1000.0;5.0;1000000.0;TripDB (ID: _letEAF41EeavvL8WcdoZSg);Exporter (ID: _QWlc0F_MEeahZew5WJ0QOQ);BookingSystem (ID: _ZZH7IC6IEd-Jla2o7wkBzQ);Server1 (ID: _g7HJEC6MEd-Jla2o7wkBzQ);Server2 (ID: _h3wXgC6MEd-Jla2o7wkBzQ);Server3 (ID: _vxqJwS6QEd-pNfzbJsur0g);DBServer (ID: _7jiyMV5LEeavvL8WcdoZSg);Server1 (ID: _g7HJEC6MEd-Jla2o7wkBzQ);1;0;
Infinity;7.6198353638676135;555.7589760127739;5.59743091073718;592.0166414949016;4.075130242526097;1862.7051036314651;5.698166708770251;1998040.0371944534;TripDB (ID: _letEAF41EeavvL8WcdoZSg);AlternativeExporter (ID: _K9EFUHXDEeauMPtoFodBVw);QuickBooking (ID: __VPcQOtlEd-m3_hR0FtH3Q);Server2 (ID: _h3wXgC6MEd-Jla2o7wkBzQ);Server1 (ID: _g7HJEC6MEd-Jla2o7wkBzQ);Server3 (ID: _vxqJwS6QEd-pNfzbJsur0g);Server2 (ID: _h3wXgC6MEd-Jla2o7wkBzQ);Server1 (ID: _g7HJEC6MEd-Jla2o7wkBzQ);1;1;
Infinity;2.670377746229681;619.1962097596339;5.247679863056503;1026.9418092484098;5.87585048882351;1673.874217013782;9.589588817946227;1896138.611783851;TripDB (ID: _letEAF41EeavvL8WcdoZSg);AlternativeExporter (ID: _K9EFUHXDEeauMPtoFodBVw);QuickBooking (ID: __VPcQOtlEd-m3_hR0FtH3Q);DBServer (ID: _7jiyMV5LEeavvL8WcdoZSg);DBServer (ID: _7jiyMV5LEeavvL8WcdoZSg);DBServer (ID: _7jiyMV5LEeavvL8WcdoZSg);Server1 (ID: _g7HJEC6MEd-Jla2o7wkBzQ);Server1 (ID: _g7HJEC6MEd-Jla2o7wkBzQ);1;2;
Infinity;4.44407885083149;1107.5005998193685;4.520292376599783;680.399050351053;5.5114665910955285;1214.6841140077024;2.578001184628756;1114445.86991046;FastReadTripDB (ID: B_letEAF41EeavvL8WcdoZSg);AlternativeExporter (ID: _K9EFUHXDEeauMPtoFodBVw);BookingSystem (ID: _ZZH7IC6IEd-Jla2o7wkBzQ);DBServer (ID: _7jiyMV5LEeavvL8WcdoZSg);DBServer (ID: _7jiyMV5LEeavvL8WcdoZSg);Server3 (ID: _vxqJwS6QEd-pNfzbJsur0g);Server2 (ID: _h3wXgC6MEd-Jla2o7wkBzQ);Server3 (ID: _vxqJwS6QEd-pNfzbJsur0g);1;3;
Infinity;6.642739310358016;1223.720944206519;1.6748311960693123;1170.4079849758957;3.646376028427544;907.9389723170281;5.307808263429381;1387361.5460590245;TripDB (ID: _letEAF41EeavvL8WcdoZSg);AlternativeExporter (ID: _K9EFUHXDEeauMPtoFodBVw);QuickBooking (ID: __VPcQOtlEd-m3_hR0FtH3Q);DBServer (ID: _7jiyMV5LEeavvL8WcdoZSg);Server1 (ID: _g7HJEC6MEd-Jla2o7wkBzQ);Server2 (ID: _h3wXgC6MEd-Jla2o7wkBzQ);Server3 (ID: _vxqJwS6QEd-pNfzbJsur0g);DBServer (ID: _7jiyMV5LEeavvL8WcdoZSg);1;4;
Infinity;8.042332560326239;1927.9714748598967;3.6354901604212855;1089.469375250365;5.9279134259014565;1653.347435023298;6.087074960078526;1073065.963206083;FastReadTripDB (ID: B_letEAF41EeavvL8WcdoZSg);AlternativeExporter (ID: _K9EFUHXDEeauMPtoFodBVw);BookingSystem (ID: _ZZH7IC6IEd-Jla2o7wkBzQ);DBServer (ID: _7jiyMV5LEeavvL8WcdoZSg);Server3 (ID: _vxqJwS6QEd-pNfzbJsur0g);DBServer (ID: _7jiyMV5LEeavvL8WcdoZSg);DBServer (ID: _7jiyMV5LEeavvL8WcdoZSg);Server3 (ID: _vxqJwS6QEd-pNfzbJsur0g);1;5;
Infinity;7.656978381460036;914.1842032530542;2.8387053203366666;1424.6897863330705;5.750591974217523;897.6666920494029;9.80625354694075;1656095.8395227466;FastWriteTripDB (ID: C_letEAF41EeavvL8WcdoZSg);Exporter (ID: _QWlc0F_MEeahZew5WJ0QOQ);BookingSystem (ID: _ZZH7IC6IEd-Jla2o7wkBzQ);DBServer (ID: _7jiyMV5LEeavvL8WcdoZSg);Server1 (ID: _g7HJEC6MEd-Jla2o7wkBzQ);DBServer (ID: _7jiyMV5LEeavvL8WcdoZSg);DBServer (ID: _7jiyMV5LEeavvL8WcdoZSg);Server2 (ID: _h3wXgC6MEd-Jla2o7wkBzQ);1;6;
Infinity;6.195135763678477;615.3051827205173;5.711995753926182;510.312072343986;5.9438423486258785;1283.722427341387;6.265050983400116;1004351.6882873483;FastWriteTripDB (ID: C_letEAF41EeavvL8WcdoZSg);AlternativeExporter (ID: _K9EFUHXDEeauMPtoFodBVw);BookingSystem (ID: _ZZH7IC6IEd-Jla2o7wkBzQ);Server1 (ID: _g7HJEC6MEd-Jla2o7wkBzQ);Server1 (ID: _g7HJEC6MEd-Jla2o7wkBzQ);Server1 (ID: _g7HJEC6MEd-Jla2o7wkBzQ);DBServer (ID: _7jiyMV5LEeavvL8WcdoZSg);Server3 (ID: _vxqJwS6QEd-pNfzbJsur0g);1;7;
Infinity;3.863517679101278;1609.4175175403193;4.502893062952989;1326.3134890679512;3.434960423380364;1881.12193614215;4.929369133613791;1739483.7138683107;FastReadTripDB (ID: B_letEAF41EeavvL8WcdoZSg);AlternativeExporter (ID: _K9EFUHXDEeauMPtoFodBVw);QuickBooking (ID: __VPcQOtlEd-m3_hR0FtH3Q);Server1 (ID: _g7HJEC6MEd-Jla2o7wkBzQ);Server2 (ID: _h3wXgC6MEd-Jla2o7wkBzQ);Server3 (ID: _vxqJwS6QEd-pNfzbJsur0g);Server1 (ID: _g7HJEC6MEd-Jla2o7wkBzQ);Server2 (ID: _h3wXgC6MEd-Jla2o7wkBzQ);1;8;
Infinity;8.833384875479176;1874.7841473295052;2.4113269501699457;1276.695097919071;3.3139714977552814;545.6701071844394;8.730891371377776;695159.0216799865;TripDB (ID: _letEAF41EeavvL8WcdoZSg);AlternativeExporter (ID: _K9EFUHXDEeauMPtoFodBVw);BookingSystem (ID: _ZZH7IC6IEd-Jla2o7wkBzQ);Server1 (ID: _g7HJEC6MEd-Jla2o7wkBzQ);Server3 (ID: _vxqJwS6QEd-pNfzbJsur0g);Server1 (ID: _g7HJEC6MEd-Jla2o7wkBzQ);Server2 (ID: _h3wXgC6MEd-Jla2o7wkBzQ);DBServer (ID: _7jiyMV5LEeavvL8WcdoZSg);1;9;
Infinity;7.916317781534364;1326.94219457659;5.7875405752887366;1224.75018045931;4.833953055217944;1167.0948047549698;3.5160682093533286;1096175.9616343784;TripDB (ID: _letEAF41EeavvL8WcdoZSg);Exporter (ID: _QWlc0F_MEeahZew5WJ0QOQ);QuickBooking (ID: __VPcQOtlEd-m3_hR0FtH3Q);DBServer (ID: _7jiyMV5LEeavvL8WcdoZSg);Server2 (ID: _h3wXgC6MEd-Jla2o7wkBzQ);DBServer (ID: _7jiyMV5LEeavvL8WcdoZSg);DBServer (ID: _7jiyMV5LEeavvL8WcdoZSg);Server2 (ID: _h3wXgC6MEd-Jla2o7wkBzQ);1;10;
Infinity;2.544084932587312;598.655856872607;4.0806713997424335;1296.9739388499659;5.9605362261846935;1887.367975801798;8.156440435041848;1583322.1568799284;FastWriteTripDB (ID: C_letEAF41EeavvL8WcdoZSg);AlternativeExporter (ID: _K9EFUHXDEeauMPtoFodBVw);BookingSystem (ID: _ZZH7IC6IEd-Jla2o7wkBzQ);Server3 (ID: _vxqJwS6QEd-pNfzbJsur0g);Server1 (ID: _g7HJEC6MEd-Jla2o7wkBzQ);Server2 (ID: _h3wXgC6MEd-Jla2o7wkBzQ);Server2 (ID: _h3wXgC6MEd-Jla2o7wkBzQ);DBServer (ID: _7jiyMV5LEeavvL8WcdoZSg);1;11;
Infinity;5.088448700550179;747.202956813567;4.720963332438814;1608.0598330345765;5.667427929150424;1861.9872123524854;6.346416188568801;1012982.1146870253;FastReadTripDB (ID: B_letEAF41EeavvL8WcdoZSg);AlternativeExporter (ID: _K9EFUHXDEeauMPtoFodBVw);BookingSystem (ID: _ZZH7IC6IEd-Jla2o7wkBzQ);Server3 (ID: _vxqJwS6QEd-pNfzbJsur0g);DBServer (ID: _7jiyMV5LEeavvL8WcdoZSg);Server2 (ID: _h3wXgC6MEd-Jla2o7wkBzQ);Server1 (ID: _g7HJEC6MEd-Jla2o7wkBzQ);DBServer (ID: _7jiyMV5LEeavvL8WcdoZSg);1;12;
Infinity;4.2458884759160025;502.65209102511426;4.379771042445576;1417.9780727125133;2.0960368670057656;925.4199491662382;8.934540218134634;1689898.535199312;TripDB (ID: _letEAF41EeavvL8WcdoZSg);Exporter (ID: _QWlc0F_MEeahZew5WJ0QOQ);QuickBooking (ID: __VPcQOtlEd-m3_hR0FtH3Q);Server3 (ID: _vxqJwS6QEd-pNfzbJsur0g);Server1 (ID: _g7HJEC6MEd-Jla2o7wkBzQ);DBServer (ID: _7jiyMV5LEeavvL8WcdoZSg);Server3 (ID: _vxqJwS6QEd-pNfzbJsur0g);Server1 (ID: _g7HJEC6MEd-Jla2o7wkBzQ);1;13;
Infinity;8.706662748216816;1896.7015556406434;1.872550030404;1705.9898858806182;4.648234197679754;897.0894278878814;7.835575794504235;1394647.5973763647;FastWriteTripDB (ID: C_letEAF41EeavvL8WcdoZSg);Exporter (ID: _QWlc0F_MEeahZew5WJ0QOQ);QuickBooking (ID: __VPcQOtlEd-m3_hR0FtH3Q);Server1 (ID: _g7HJEC6MEd-Jla2o7wkBzQ);DBServer (ID: _7jiyMV5LEeavvL8WcdoZSg);Server1 (ID: _g7HJEC6MEd-Jla2o7wkBzQ);Server1 (ID: _g7HJEC6MEd-Jla2o7wkBzQ);Server2 (ID: _h3wXgC6MEd-Jla2o7wkBzQ);1;14;
Infinity;8.183321440899242;1116.677505433057;5.642481400245026;874.0054402224193;3.9339338467837077;542.852784266778;4.986417958355643;770591.9831584526;FastWriteTripDB (ID: C_letEAF41EeavvL8WcdoZSg);Exporter (ID: _QWlc0F_MEeahZew5WJ0QOQ);QuickBooking (ID: __VPcQOtlEd-m3_hR0FtH3Q);Server2 (ID: _h3wXgC6MEd-Jla2o7wkBzQ);Server3 (ID: _vxqJwS6QEd-pNfzbJsur0g);Server2 (ID: _h3wXgC6MEd-Jla2o7wkBzQ);DBServer (ID: _7jiyMV5LEeavvL8WcdoZSg);Server2 (ID: _h3wXgC6MEd-Jla2o7wkBzQ);1;15;
Infinity;6.170832047205202;1130.9049479063892;1.6490721638843926;1702.2943797104833;5.267236340704999;1419.8351701509046;4.319403496295474;1695970.749381251;FastWriteTripDB (ID: C_letEAF41EeavvL8WcdoZSg);AlternativeExporter (ID: _K9EFUHXDEeauMPtoFodBVw);QuickBooking (ID: __VPcQOtlEd-m3_hR0FtH3Q);DBServer (ID: _7jiyMV5LEeavvL8WcdoZSg);DBServer (ID: _7jiyMV5LEeavvL8WcdoZSg);Server2 (ID: _h3wXgC6MEd-Jla2o7wkBzQ);DBServer (ID: _7jiyMV5LEeavvL8WcdoZSg);DBServer (ID: _7jiyMV5LEeavvL8WcdoZSg);1;16;
Infinity;4.485530219627517;867.5817697935324;1.7446515369463007;758.9047981693527;3.123803161376456;1353.1863896407235;4.863121708647743;1371954.7905858117;TripDB (ID: _letEAF41EeavvL8WcdoZSg);Exporter (ID: _QWlc0F_MEeahZew5WJ0QOQ);BookingSystem (ID: _ZZH7IC6IEd-Jla2o7wkBzQ);Server3 (ID: _vxqJwS6QEd-pNfzbJsur0g);Server1 (ID: _g7HJEC6MEd-Jla2o7wkBzQ);Server1 (ID: _g7HJEC6MEd-Jla2o7wkBzQ);Server2 (ID: _h3wXgC6MEd-Jla2o7wkBzQ);DBServer (ID: _7jiyMV5LEeavvL8WcdoZSg);1;17;
Infinity;7.730797102380725;581.3678976090962;2.222662191601366;1637.7397509874274;5.52825418397502;631.4424194878575;8.374499797281576;596532.1470761318;TripDB (ID: _letEAF41EeavvL8WcdoZSg);Exporter (ID: _QWlc0F_MEeahZew5WJ0QOQ);QuickBooking (ID: __VPcQOtlEd-m3_hR0FtH3Q);Server2 (ID: _h3wXgC6MEd-Jla2o7wkBzQ);DBServer (ID: _7jiyMV5LEeavvL8WcdoZSg);Server3 (ID: _vxqJwS6QEd-pNfzbJsur0g);DBServer (ID: _7jiyMV5LEeavvL8WcdoZSg);Server2 (ID: _h3wXgC6MEd-Jla2o7wkBzQ);1;18;
Infinity;7.869051234367819;1595.77886104223;3.3853248821810484;1945.6749433596528;4.825141273370994;953.8518482369118;7.58800681047035;812286.8182502285;TripDB (ID: _letEAF41EeavvL8WcdoZSg);Exporter (ID: _QWlc0F_MEeahZew5WJ0QOQ);BookingSystem (ID: _ZZH7IC6IEd-Jla2o7wkBzQ);DBServer (ID: _7jiyMV5LEeavvL8WcdoZSg);Server2 (ID: _h3wXgC6MEd-Jla2o7wkBzQ);Server1 (ID: _g7HJEC6MEd-Jla2o7wkBzQ);Server1 (ID: _g7HJEC6MEd-Jla2o7wkBzQ);DBServer (ID: _7jiyMV5LEeavvL8WcdoZSg);1;19;
Infinity;7.623660526273307;1387.9388069320594;4.893438560609202;1108.0736175856318;3.9913712480392647;1776.582308730407;9.160844192575262;695829.5498182068;TripDB (ID: _letEAF41EeavvL8WcdoZSg);Exporter (ID: _QWlc0F_MEeahZew5WJ0QOQ);QuickBooking (ID: __VPcQOtlEd-m3_hR0FtH3Q);Server1 (ID: _g7HJEC6MEd-Jla2o7wkBzQ);Server1 (ID: _g7HJEC6MEd-Jla2o7wkBzQ);Server3 (ID: _vxqJwS6QEd-pNfzbJsur0g);DBServer (ID: _7jiyMV5LEeavvL8WcdoZSg);Server1 (ID: _g7HJEC6MEd-Jla2o7wkBzQ);1;20;
Infinity;7.753680724550332;1956.8674588093147;3.495314000408209;1345.445909395261;5.956876654931501;995.0367402263253;7.46182012006172;642397.9437259089;FastWriteTripDB (ID: C_letEAF41EeavvL8WcdoZSg);Exporter (ID: _QWlc0F_MEeahZew5WJ0QOQ);BookingSystem (ID: _ZZH7IC6IEd-Jla2o7wkBzQ);Server3 (ID: _vxqJwS6QEd-pNfzbJsur0g);Server3 (ID: _vxqJwS6QEd-pNfzbJsur0g);Server3 (ID: _vxqJwS6QEd-pNfzbJsur0g);Server2 (ID: _h3wXgC6MEd-Jla2o7wkBzQ);DBServer (ID: _7jiyMV5LEeavvL8WcdoZSg);1;21;
Infinity;5.936124091875103;1554.2367166443353;5.19478070608249;630.4732371160998;4.854567134648868;567.1975417374377;2.961896173389732;1684758.4719516654;FastWriteTripDB (ID: C_letEAF41EeavvL8WcdoZSg);Exporter (ID: _QWlc0F_MEeahZew5WJ0QOQ);BookingSystem (ID: _ZZH7IC6IEd-Jla2o7wkBzQ);DBServer (ID: _7jiyMV5LEeavvL8WcdoZSg);Server3 (ID: _vxqJwS6QEd-pNfzbJsur0g);DBServer (ID: _7jiyMV5LEeavvL8WcdoZSg);Server1 (ID: _g7HJEC6MEd-Jla2o7wkBzQ);Server3 (ID: _vxqJwS6QEd-pNfzbJsur0g);1;22;
Infinity;2.7227143340676085;1183.0462416785924;1.6024229196295066;1746.4642021119637;3.350467159658366;1013.6999234490585;4.874020996902277;644603.1803377077;FastReadTripDB (ID: B_letEAF41EeavvL8WcdoZSg);AlternativeExporter (ID: _K9EFUHXDEeauMPtoFodBVw);BookingSystem (ID: _ZZH7IC6IEd-Jla2o7wkBzQ);Server3 (ID: _vxqJwS6QEd-pNfzbJsur0g);Server3 (ID: _vxqJwS6QEd-pNfzbJsur0g);Server1 (ID: _g7HJEC6MEd-Jla2o7wkBzQ);Server1 (ID: _g7HJEC6MEd-Jla2o7wkBzQ);DBServer (ID: _7jiyMV5LEeavvL8WcdoZSg);1;23;
Infinity;5.135230211275703;812.1933164049707;4.583116071884577;897.3004968210428;3.7393999054771205;1447.0611788811402;9.828211138335833;1426828.835894908;FastWriteTripDB (ID: C_letEAF41EeavvL8WcdoZSg);AlternativeExporter (ID: _K9EFUHXDEeauMPtoFodBVw);BookingSystem (ID: _ZZH7IC6IEd-Jla2o7wkBzQ);Server3 (ID: _vxqJwS6QEd-pNfzbJsur0g);Server2 (ID: _h3wXgC6MEd-Jla2o7wkBzQ);Server2 (ID: _h3wXgC6MEd-Jla2o7wkBzQ);Server3 (ID: _vxqJwS6QEd-pNfzbJsur0g);Server1 (ID: _g7HJEC6MEd-Jla2o7wkBzQ);1;24;
Infinity;5.905775978695986;1963.10942067515;2.4704949039023956;1849.321475476953;2.3073710931626685;621.0756073476264;5.853145671187315;707955.9319993964;FastReadTripDB (ID: B_letEAF41EeavvL8WcdoZSg);Exporter (ID: _QWlc0F_MEeahZew5WJ0QOQ);BookingSystem (ID: _ZZH7IC6IEd-Jla2o7wkBzQ);DBServer (ID: _7jiyMV5LEeavvL8WcdoZSg);Server3 (ID: _vxqJwS6QEd-pNfzbJsur0g);DBServer (ID: _7jiyMV5LEeavvL8WcdoZSg);Server3 (ID: _vxqJwS6QEd-pNfzbJsur0g);Server2 (ID: _h3wXgC6MEd-Jla2o7wkBzQ);1;25;
Infinity;4.012691547094127;881.9493022487368;2.3135597805445034;1528.3386563434285;2.2033191051039207;750.8899404181603;2.8300809319216707;1786646.8839572654;FastWriteTripDB (ID: C_letEAF41EeavvL8WcdoZSg);Exporter (ID: _QWlc0F_MEeahZew5WJ0QOQ);QuickBooking (ID: __VPcQOtlEd-m3_hR0FtH3Q);Server2 (ID: _h3wXgC6MEd-Jla2o7wkBzQ);DBServer (ID: _7jiyMV5LEeavvL8WcdoZSg);Server2 (ID: _h3wXgC6MEd-Jla2o7wkBzQ);DBServer (ID: _7jiyMV5LEeavvL8WcdoZSg);Server3 (ID: _vxqJwS6QEd-pNfzbJsur0g);1;26;
Infinity;7.122109552937739;1801.5306466412835;3.475247670943901;696.8852298326356;3.032908767656056;1231.8133230114772;8.04047332682159;1619596.8990139083;FastWriteTripDB (ID: C_letEAF41EeavvL8WcdoZSg);Exporter (ID: _QWlc0F_MEeahZew5WJ0QOQ);QuickBooking (ID: __VPcQOtlEd-m3_hR0FtH3Q);DBServer (ID: _7jiyMV5LEeavvL8WcdoZSg);Server2 (ID: _h3wXgC6MEd-Jla2o7wkBzQ);DBServer (ID: _7jiyMV5LEeavvL8WcdoZSg);Server3 (ID: _vxqJwS6QEd-pNfzbJsur0g);Server2 (ID: _h3wXgC6MEd-Jla2o7wkBzQ);1;27;
Infinity;7.097058437152635;1201.2669524079788;3.8118557428309545;1208.5651040473163;5.594162783818502;1499.7895633453554;2.9772838613124195;1580679.9189333091;TripDB (ID: _letEAF41EeavvL8WcdoZSg);AlternativeExporter (ID: _K9EFUHXDEeauMPtoFodBVw);QuickBooking (ID: __VPcQOtlEd-m3_hR0FtH3Q);DBServer (ID: _7jiyMV5LEeavvL8WcdoZSg);Server2 (ID: _h3wXgC6MEd-Jla2o7wkBzQ);DBServer (ID: _7jiyMV5LEeavvL8WcdoZSg);Server2 (ID: _h3wXgC6MEd-Jla2o7wkBzQ);DBServer (ID: _7jiyMV5LEeavvL8WcdoZSg);1;28;
Infinity;8.842963702033941;1017.7903382701944;5.573280214023529;1058.317918275804;1.5059907543562603;1341.0009578711183;4.859044366965454;1807722.0119121857;FastWriteTripDB (ID: C_letEAF41EeavvL8WcdoZSg);Exporter (ID: _QWlc0F_MEeahZew5WJ0QOQ);BookingSystem (ID: _ZZH7IC6IEd-Jla2o7wkBzQ);Server1 (ID: _g7HJEC6MEd-Jla2o7wkBzQ);Server2 (ID: _h3wXgC6MEd-Jla2o7wkBzQ);Server2 (ID: _h3wXgC6MEd-Jla2o7wkBzQ);DBServer (ID: _7jiyMV5LEeavvL8WcdoZSg);Server1 (ID: _g7HJEC6MEd-Jla2o7wkBzQ);1;29;
Infinity;5.480227814288117;1502.9014427665581;2.1290738108732103;754.2491398149583;4.741356464481962;1781.537949504032;5.103130451468864;1107438.2988710161;TripDB (ID: _letEAF41EeavvL8WcdoZSg);AlternativeExporter (ID: _K9EFUHXDEeauMPtoFodBVw);QuickBooking (ID: __VPcQOtlEd-m3_hR0FtH3Q);Server3 (ID: _vxqJwS6QEd-pNfzbJsur0g);Server3 (ID: _vxqJwS6QEd-pNfzbJsur0g);DBServer (ID: _7jiyMV5LEeavvL8WcdoZSg);DBServer (ID: _7jiyMV5LEeavvL8WcdoZSg);Server1 (ID: _g7HJEC6MEd-Jla2o7wkBzQ);1;30;
Infinity;2.7935956352676223;1560.2196440407301;5.219075581963718;934.0298481550963;4.850198569763901;599.8121654097201;8.546050148610881;1952892.6881582153;TripDB (ID: _letEAF41EeavvL8WcdoZSg);Exporter (ID: _QWlc0F_MEeahZew5WJ0QOQ);BookingSystem (ID: _ZZH7IC6IEd-Jla2o7wkBzQ);Server2 (ID: _h3wXgC6MEd-Jla2o7wkBzQ);Server1 (ID: _g7HJEC6MEd-Jla2o7wkBzQ);Server3 (ID: _vxqJwS6QEd-pNfzbJsur0g);Server3 (ID: _vxqJwS6QEd-pNfzbJsur0g);DBServer (ID: _7jiyMV5LEeavvL8WcdoZSg);1;31;
Infinity;4.695943253122762;1890.7621514530474;1.7294788575687905;1571.4627610366429;3.95003488654348;1207.2709722665163;6.969710417145082;509677.64558186237;FastReadTripDB (ID: B_letEAF41EeavvL8WcdoZSg);Exporter (ID: _QWlc0F_MEeahZew5WJ0QOQ);BookingSystem (ID: _ZZH7IC6IEd-Jla2o7wkBzQ);DBServer (ID: _7jiyMV5LEeavvL8WcdoZSg);DBServer (ID: _7jiyMV5LEeavvL8WcdoZSg);Server2 (ID: _h3wXgC6MEd-Jla2o7wkBzQ);Server2 (ID: _h3wXgC6MEd-Jla2o7wkBzQ);Server2 (ID: _h3wXgC6MEd-Jla2o7wkBzQ);1;32;
Infinity;3.2188831791015615;1839.0526145962192;5.258971995068228;1337.6689151506384;5.608405940010847;1584.7940814290273;9.318470123708085;624729.0248759144;FastWriteTripDB (ID: C_letEAF41EeavvL8WcdoZSg);Exporter (ID: _QWlc0F_MEeahZew5WJ0QOQ);QuickBooking (ID: __VPcQOtlEd-m3_hR0FtH3Q);Server2 (ID: _h3wXgC6MEd-Jla2o7wkBzQ);Server1 (ID: _g7HJEC6MEd-Jla2o7wkBzQ);Server1 (ID: _g7HJEC6MEd-Jla2o7wkBzQ);Server1 (ID: _g7HJEC6MEd-Jla2o7wkBzQ);DBServer (ID: _7jiyMV5LEeavvL8WcdoZSg);1;33;
Infinity;8.32498210035467;1034.988546616717;5.164666852944979;572.5763571544123;1.6616496374746816;1883.1140196775987;3.6714840779371136;1298632.1399138127;FastWriteTripDB (ID: C_letEAF41EeavvL8WcdoZSg);Exporter (ID: _QWlc0F_MEeahZew5WJ0QOQ);BookingSystem (ID: _ZZH7IC6IEd-Jla2o7wkBzQ);Server2 (ID: _h3wXgC6MEd-Jla2o7wkBzQ);Server2 (ID: _h3wXgC6MEd-Jla2o7wkBzQ);Server1 (ID: _g7HJEC6MEd-Jla2o7wkBzQ);Server3 (ID: _vxqJwS6QEd-pNfzbJsur0g);Server3 (ID: _vxqJwS6QEd-pNfzbJsur0g);1;34;
Infinity;5.875435736870788;762.6082021483974;3.637469195768163;769.9224572782557;5.031280099370617;890.1553626142422;5.338051492227306;1366121.1632163678;TripDB (ID: _letEAF41EeavvL8WcdoZSg);Exporter (ID: _QWlc0F_MEeahZew5WJ0QOQ);BookingSystem (ID: _ZZH7IC6IEd-Jla2o7wkBzQ);Server2 (ID: _h3wXgC6MEd-Jla2o7wkBzQ);Server2 (ID: _h3wXgC6MEd-Jla2o7wkBzQ);Server2 (ID: _h3wXgC6MEd-Jla2o7wkBzQ);Server1 (ID: _g7HJEC6MEd-Jla2o7wkBzQ);Server3 (ID: _vxqJwS6QEd-pNfzbJsur0g);1;35;
Infinity;4.074566935512694;674.1572048175915;2.748845043070519;1349.8750336827134;2.923403079474822;1748.0511306288993;3.7346048649922468;576606.0686650241;FastWriteTripDB (ID: C_letEAF41EeavvL8WcdoZSg);AlternativeExporter (ID: _K9EFUHXDEeauMPtoFodBVw);BookingSystem (ID: _ZZH7IC6IEd-Jla2o7wkBzQ);Server2 (ID: _h3wXgC6MEd-Jla2o7wkBzQ);Server1 (ID: _g7HJEC6MEd-Jla2o7wkBzQ);Server1 (ID: _g7HJEC6MEd-Jla2o7wkBzQ);Server3 (ID: _vxqJwS6QEd-pNfzbJsur0g);Server1 (ID: _g7HJEC6MEd-Jla2o7wkBzQ);1;36;
Infinity;5.86249202180478;1031.7504601993692;2.4413377537755396;1706.943584896434;2.216844781758468;1303.6422947547564;9.650516203624324;533817.2540395003;FastWriteTripDB (ID: C_letEAF41EeavvL8WcdoZSg);AlternativeExporter (ID: _K9EFUHXDEeauMPtoFodBVw);QuickBooking (ID: __VPcQOtlEd-m3_hR0FtH3Q);Server2 (ID: _h3wXgC6MEd-Jla2o7wkBzQ);DBServer (ID: _7jiyMV5LEeavvL8WcdoZSg);DBServer (ID: _7jiyMV5LEeavvL8WcdoZSg);Server2 (ID: _h3wXgC6MEd-Jla2o7wkBzQ);Server3 (ID: _vxqJwS6QEd-pNfzbJsur0g);1;37;
Infinity;7.783549264337246;716.8596859596604;1.5671065922173923;955.9206836990357;4.25504123269204;554.029677365696;7.608499010842779;1575272.0639480122;TripDB (ID: _letEAF41EeavvL8WcdoZSg);AlternativeExporter (ID: _K9EFUHXDEeauMPtoFodBVw);BookingSystem (ID: _ZZH7IC6IEd-Jla2o7wkBzQ);Server1 (ID: _g7HJEC6MEd-Jla2o7wkBzQ);Server1 (ID: _g7HJEC6MEd-Jla2o7wkBzQ);Server1 (ID: _g7HJEC6MEd-Jla2o7wkBzQ);DBServer (ID: _7jiyMV5LEeavvL8WcdoZSg);Server1 (ID: _g7HJEC6MEd-Jla2o7wkBzQ);1;38;
Infinity;6.563515430820541;1695.3118139222875;4.473237102375941;1764.5347186809731;4.181386003332866;858.0952351086471;6.077492698335753;859227.968571824;FastWriteTripDB (ID: C_letEAF41EeavvL8WcdoZSg);Exporter (ID: _QWlc0F_MEeahZew5WJ0QOQ);BookingSystem (ID: _ZZH7IC6IEd-Jla2o7wkBzQ);Server3 (ID: _vxqJwS6QEd-pNfzbJsur0g);Server1 (ID: _g7HJEC6MEd-Jla2o7wkBzQ);Server1 (ID: _g7HJEC6MEd-Jla2o7wkBzQ);Server3 (ID: _vxqJwS6QEd-pNfzbJsur0g);Server3 (ID: _vxqJwS6QEd-pNfzbJsur0g);1;39;
Infinity;6.677926826551731;1984.5255538170563;5.394651422454974;1361.1077284121122;2.160543436525446;1363.9115342680661;9.782697544144543;1830009.319519874;FastReadTripDB (ID: B_letEAF41EeavvL8WcdoZSg);Exporter (ID: _QWlc0F_MEeahZew5WJ0QOQ);BookingSystem (ID: _ZZH7IC6IEd-Jla2o7wkBzQ);Server2 (ID: _h3wXgC6MEd-Jla2o7wkBzQ);DBServer (ID: _7jiyMV5LEeavvL8WcdoZSg);Server3 (ID: _vxqJwS6QEd-pNfzbJsur0g);Server2 (ID: _h3wXgC6MEd-Jla2o7wkBzQ);Server3 (ID: _vxqJwS6QEd-pNfzbJsur0g);1;40;
Infinity;5.4037449882940685;1084.1980918156862;1.7213746640203063;1787.647028557907;1.6311570180439583;1472.2867188237615;4.29513971666508;1309253.3896703864;FastReadTripDB (ID: B_letEAF41EeavvL8WcdoZSg);AlternativeExporter (ID: _K9EFUHXDEeauMPtoFodBVw);QuickBooking (ID: __VPcQOtlEd-m3_hR0FtH3Q);DBServer (ID: _7jiyMV5LEeavvL8WcdoZSg);Server1 (ID: _g7HJEC6MEd-Jla2o7wkBzQ);Server2 (ID: _h3wXgC6MEd-Jla2o7wkBzQ);DBServer (ID: _7jiyMV5LEeavvL8WcdoZSg);DBServer (ID: _7jiyMV5LEeavvL8WcdoZSg);1;41;
Infinity;2.7875784711634832;795.6333834619234;5.763474324837467;909.7480955954336;1.9244951337411038;527.7107077876574;4.940368638667816;1318702.3679276153;FastWriteTripDB (ID: C_letEAF41EeavvL8WcdoZSg);AlternativeExporter (ID: _K9EFUHXDEeauMPtoFodBVw);BookingSystem (ID: _ZZH7IC6IEd-Jla2o7wkBzQ);Server3 (ID: _vxqJwS6QEd-pNfzbJsur0g);Server3 (ID: _vxqJwS6QEd-pNfzbJsur0g);DBServer (ID: _7jiyMV5LEeavvL8WcdoZSg);DBServer (ID: _7jiyMV5LEeavvL8WcdoZSg);DBServer (ID: _7jiyMV5LEeavvL8WcdoZSg);1;42;
Infinity;7.6733007569239655;1388.172553874796;4.456241740767993;661.5664523733607;3.5846336363478066;882.8811111750958;9.874757989411346;1436623.5960242217;TripDB (ID: _letEAF41EeavvL8WcdoZSg);AlternativeExporter (ID: _K9EFUHXDEeauMPtoFodBVw);BookingSystem (ID: _ZZH7IC6IEd-Jla2o7wkBzQ);Server3 (ID: _vxqJwS6QEd-pNfzbJsur0g);DBServer (ID: _7jiyMV5LEeavvL8WcdoZSg);Server2 (ID: _h3wXgC6MEd-Jla2o7wkBzQ);Server1 (ID: _g7HJEC6MEd-Jla2o7wkBzQ);Server1 (ID: _g7HJEC6MEd-Jla2o7wkBzQ);1;43;
Infinity;2.4971380998268553;1701.774145078416;2.098987936402134;629.3354673041675;4.598419110505226;1544.3178867813454;3.597557554449467;925813.0348068709;FastWriteTripDB (ID: C_letEAF41EeavvL8WcdoZSg);AlternativeExporter (ID: _K9EFUHXDEeauMPtoFodBVw);QuickBooking (ID: __VPcQOtlEd-m3_hR0FtH3Q);Server1 (ID: _g7HJEC6MEd-Jla2o7wkBzQ);Server2 (ID: _h3wXgC6MEd-Jla2o7wkBzQ);Server2 (ID: _h3wXgC6MEd-Jla2o7wkBzQ);DBServer (ID: _7jiyMV5LEeavvL8WcdoZSg);Server3 (ID: _vxqJwS6QEd-pNfzbJsur0g);1;44;
Infinity;5.91209550298861;829.3472425632858;5.209934020596723;1583.6606588242137;2.2892440749263634;1847.6268443033418;8.417315697421976;693707.8196050072;FastWriteTripDB (ID: C_letEAF41EeavvL8WcdoZSg);Exporter (ID: _QWlc0F_MEeahZew5WJ0QOQ);QuickBooking (ID: __VPcQOtlEd-m3_hR0FtH3Q);Server2 (ID: _h3wXgC6MEd-Jla2o7wkBzQ);DBServer (ID: _7jiyMV5LEeavvL8WcdoZSg);Server2 (ID: _h3wXgC6MEd-Jla2o7wkBzQ);DBServer (ID: _7jiyMV5LEeavvL8WcdoZSg);Server2 (ID: _h3wXgC6MEd-Jla2o7wkBzQ);1;45;
Infinity;3.255632798853625;1257.6051738609676;3.636209955417786;1149.1412917431655;1.8999092480418278;1374.7948194068626;7.364061934824966;1363833.0533326142;FastWriteTripDB (ID: C_letEAF41EeavvL8WcdoZSg);AlternativeExporter (ID: _K9EFUHXDEeauMPtoFodBVw);BookingSystem (ID: _ZZH7IC6IEd-Jla2o7wkBzQ);Server2 (ID: _h3wXgC6MEd-Jla2o7wkBzQ);DBServer (ID: _7jiyMV5LEeavvL8WcdoZSg);Server1 (ID: _g7HJEC6MEd-Jla2o7wkBzQ);Server1 (ID: _g7HJEC6MEd-Jla2o7wkBzQ);Server3 (ID: _vxqJwS6QEd-pNfzbJsur0g);1;46;
Infinity;4.90728666957939;1900.5582271826286;5.622787702423456;1821.7539451699356;4.846233324175687;1626.5287885523787;6.35409756008767;1183770.6213067628;TripDB (ID: _letEAF41EeavvL8WcdoZSg);AlternativeExporter (ID: _K9EFUHXDEeauMPtoFodBVw);BookingSystem (ID: _ZZH7IC6IEd-Jla2o7wkBzQ);Server2 (ID: _h3wXgC6MEd-Jla2o7wkBzQ);Server3 (ID: _vxqJwS6QEd-pNfzbJsur0g);Server2 (ID: _h3wXgC6MEd-Jla2o7wkBzQ);Server3 (ID: _vxqJwS6QEd-pNfzbJsur0g);Server1 (ID: _g7HJEC6MEd-Jla2o7wkBzQ);1;47;
Infinity;3.2992892918746772;1854.7790403849722;5.371287907936779;1908.5965211477242;4.70236856537454;947.08861305764;2.6085920712978923;1650583.4769644383;TripDB (ID: _letEAF41EeavvL8WcdoZSg);AlternativeExporter (ID: _K9EFUHXDEeauMPtoFodBVw);BookingSystem (ID: _ZZH7IC6IEd-Jla2o7wkBzQ);Server1 (ID: _g7HJEC6MEd-Jla2o7wkBzQ);Server1 (ID: _g7HJEC6MEd-Jla2o7wkBzQ);Server2 (ID: _h3wXgC6MEd-Jla2o7wkBzQ);Server3 (ID: _vxqJwS6QEd-pNfzbJsur0g);Server2 (ID: _h3wXgC6MEd-Jla2o7wkBzQ);1;48;
Infinity;7.384810382255342;1414.6283793218345;3.85391408535306;1300.65160067553;3.2478486450306754;700.2071682835642;9.154003635008113;989763.1425165104;FastReadTripDB (ID: B_letEAF41EeavvL8WcdoZSg);AlternativeExporter (ID: _K9EFUHXDEeauMPtoFodBVw);BookingSystem (ID: _ZZH7IC6IEd-Jla2o7wkBzQ);Server1 (ID: _g7HJEC6MEd-Jla2o7wkBzQ);Server2 (ID: _h3wXgC6MEd-Jla2o7wkBzQ);Server1 (ID: _g7HJEC6MEd-Jla2o7wkBzQ);Server1 (ID: _g7HJEC6MEd-Jla2o7wkBzQ);Server3 (ID: _vxqJwS6QEd-pNfzbJsur0g);1;49;
Infinity;5.771067051354175;946.6007670521437;1.9694187288178606;1386.1915277552812;4.820508606071745;530.477494171183;7.644892833609392;1170155.5684992205;FastWriteTripDB (ID: C_letEAF41EeavvL8WcdoZSg);AlternativeExporter (ID: _K9EFUHXDEeauMPtoFodBVw);QuickBooking (ID: __VPcQOtlEd-m3_hR0FtH3Q);DBServer (ID: _7jiyMV5LEeavvL8WcdoZSg);Server2 (ID: _h3wXgC6MEd-Jla2o7wkBzQ);DBServer (ID: _7jiyMV5LEeavvL8WcdoZSg);Server3 (ID: _vxqJwS6QEd-pNfzbJsur0g);DBServer (ID: _7jiyMV5LEeavvL8WcdoZSg);1;50;
Infinity;2.996532552695549;1615.4931066149297;5.858707421317843;1703.167625292329;4.0745920473996415;1377.9479596769684;3.128042998920293;1659256.2478420495;FastWriteTripDB (ID: C_letEAF41EeavvL8WcdoZSg);AlternativeExporter (ID: _K9EFUHXDEeauMPtoFodBVw);BookingSystem (ID: _ZZH7IC6IEd-Jla2o7wkBzQ);Server3 (ID: _vxqJwS6QEd-pNfzbJsur0g);Server1 (ID: _g7HJEC6MEd-Jla2o7wkBzQ);Server3 (ID: _vxqJwS6QEd-pNfzbJsur0g);Server3 (ID: _vxqJwS6QEd-pNfzbJsur0g);Server1 (ID: _g7HJEC6MEd-Jla2o7wkBzQ);1;51;
Infinity;5.061536691084899;1516.3965816974787;5.4328499117821085;1665.641309193102;3.4048191832242973;1745.6679180883475;5.378908430587877;1732832.7239042171;FastReadTripDB (ID: B_letEAF41EeavvL8WcdoZSg);AlternativeExporter (ID: _K9EFUHXDEeauMPtoFodBVw);BookingSystem (ID: _ZZH7IC6IEd-Jla2o7wkBzQ);DBServer (ID: _7jiyMV5LEeavvL8WcdoZSg);Server3 (ID: _vxqJwS6QEd-pNfzbJsur0g);Server1 (ID: _g7HJEC6MEd-Jla2o7wkBzQ);Server3 (ID: _vxqJwS6QEd-pNfzbJsur0g);Server2 (ID: _h3wXgC6MEd-Jla2o7wkBzQ);1;52;
Infinity;3.3030883160613342;1907.8040693354546;4.161896669047868;1624.7653351664042;1.8694884160348226;872.9499137338173;8.057904885187382;1993586.873927507;TripDB (ID: _letEAF41EeavvL8WcdoZSg);Exporter (ID: _QWlc0F_MEeahZew5WJ0QOQ);BookingSystem (ID: _ZZH7IC6IEd-Jla2o7wkBzQ);Server2 (ID: _h3wXgC6MEd-Jla2o7wkBzQ);Server3 (ID: _vxqJwS6QEd-pNfzbJsur0g);DBServer (ID: _7jiyMV5LEeavvL8WcdoZSg);DBServer (ID: _7jiyMV5LEeavvL8WcdoZSg);Server1 (ID: _g7HJEC6MEd-Jla2o7wkBzQ);1;53;
Infinity;4.278884327911737;1340.4786661480794;5.098759777620726;523.7788580491067;2.9409968014246166;900.1210369763187;6.196783632202107;1259640.495507125;FastReadTripDB (ID: B_letEAF41EeavvL8WcdoZSg);AlternativeExporter (ID: _K9EFUHXDEeauMPtoFodBVw);QuickBooking (ID: __VPcQOtlEd-m3_hR0FtH3Q);Server3 (ID: _vxqJwS6QEd-pNfzbJsur0g);Server1 (ID: _g7HJEC6MEd-Jla2o7wkBzQ);Server2 (ID: _h3wXgC6MEd-Jla2o7wkBzQ);Server3 (ID: _vxqJwS6QEd-pNfzbJsur0g);Server3 (ID: _vxqJwS6QEd-pNfzbJsur0g);1;54;
Infinity;2.656642520984027;529.0249527657492;2.216755572856078;1763.0326785516104;4.248917730548172;1011.2955427657499;7.600169198950346;873363.3320416472;FastReadTripDB (ID: B_letEAF41EeavvL8WcdoZSg);AlternativeExporter (ID: _K9EFUHXDEeauMPtoFodBVw);QuickBooking (ID: __VPcQOtlEd-m3_hR0FtH3Q);DBServer (ID: _7jiyMV5LEeavvL8WcdoZSg);Server1 (ID: _g7HJEC6MEd-Jla2o7wkBzQ);DBServer (ID: _7jiyMV5LEeavvL8WcdoZSg);DBServer (ID: _7jiyMV5LEeavvL8WcdoZSg);DBServer (ID: _7jiyMV5LEeavvL8WcdoZSg);1;55;
Infinity;4.5344461841665105;1006.3519474741695;5.49958432761408;1585.227222088059;1.924974122088432;506.78660039899967;3.153959913161547;1467559.412600548;FastWriteTripDB (ID: C_letEAF41EeavvL8WcdoZSg);AlternativeExporter (ID: _K9EFUHXDEeauMPtoFodBVw);BookingSystem (ID: _ZZH7IC6IEd-Jla2o7wkBzQ);Server3 (ID: _vxqJwS6QEd-pNfzbJsur0g);Server2 (ID: _h3wXgC6MEd-Jla2o7wkBzQ);Server1 (ID: _g7HJEC6MEd-Jla2o7wkBzQ);DBServer (ID: _7jiyMV5LEeavvL8WcdoZSg);Server1 (ID: _g7HJEC6MEd-Jla2o7wkBzQ);1;56;
Infinity;7.730206595966181;1801.510178611799;2.6748052404056892;865.579770517956;5.26207776887351;1765.1640836382476;8.237375498558949;1682425.945127144;FastReadTripDB (ID: B_letEAF41EeavvL8WcdoZSg);Exporter (ID: _QWlc0F_MEeahZew5WJ0QOQ);QuickBooking (ID: __VPcQOtlEd-m3_hR0FtH3Q);Server3 (ID: _vxqJwS6QEd-pNfzbJsur0g);Server1 (ID: _g7HJEC6MEd-Jla2o7wkBzQ);Server3 (ID: _vxqJwS6QEd-pNfzbJsur0g);Server3 (ID: _vxqJwS6QEd-pNfzbJsur0g);Server1 (ID: _g7HJEC6MEd-Jla2o7wkBzQ);1;57;
Infinity;4.905627896668977;1971.4873892445787;1.7246302849585455;1384.2127856865427;4.342962090204694;1190.9215674621441;9.964680416201986;1341656.9436419036;FastWriteTripDB (ID: C_letEAF41EeavvL8WcdoZSg);AlternativeExporter (ID: _K9EFUHXDEeauMPtoFodBVw);BookingSystem (ID: _ZZH7IC6IEd-Jla2o7wkBzQ);DBServer (ID: _7jiyMV5LEeavvL8WcdoZSg);Server1 (ID: _g7HJEC6MEd-Jla2o7wkBzQ);Server3 (ID: _vxqJwS6QEd-pNfzbJsur0g);Server3 (ID: _vxqJwS6QEd-pNfzbJsur0g);Server3 (ID: _vxqJwS6QEd-pNfzbJsur0g);1;58;
Infinity;8.146121890047187;801.6505059979185;1.9981380401846796;828.0591501020882;2.1790769231008618;974.2989955866284;4.131119910695548;714026.907061476;FastWriteTripDB (ID: C_letEAF41EeavvL8WcdoZSg);AlternativeExporter (ID: _K9EFUHXDEeauMPtoFodBVw);QuickBooking (ID: __VPcQOtlEd-m3_hR0FtH3Q);Server2 (ID: _h3wXgC6MEd-Jla2o7wkBzQ);Server1 (ID: _g7HJEC6MEd-Jla2o7wkBzQ);Server3 (ID: _vxqJwS6QEd-pNfzbJsur0g);DBServer (ID: _7jiyMV5LEeavvL8WcdoZSg);Server1 (ID: _g7HJEC6MEd-Jla2o7wkBzQ);1;59;
Infinity;4.011642485157951;1623.9141989625516;3.1324818693432137;1999.875010714329;1.830117571998698;1221.0042096527955;9.267586000048471;597433.9802509713;FastReadTripDB (ID: B_letEAF41EeavvL8WcdoZSg);Exporter (ID: _QWlc0F_MEeahZew5WJ0QOQ);BookingSystem (ID: _ZZH7IC6IEd-Jla2o7wkBzQ);Server1 (ID: _g7HJEC6MEd-Jla2o7wkBzQ);Server1 (ID: _g7HJEC6MEd-Jla2o7wkBzQ);Server1 (ID: _g7HJEC6MEd-Jla2o7wkBzQ);DBServer (ID: _7jiyMV5LEeavvL8WcdoZSg);Server3 (ID: _vxqJwS6QEd-pNfzbJsur0g);1;60;
Infinity;3.8872152917730056;1479.4982505119865;4.720181512041087;665.9188985859325;1.995868350101767;1536.6208947188038;8.021224378880646;620022.7514311876;FastWriteTripDB (ID: C_letEAF41EeavvL8WcdoZSg);AlternativeExporter (ID: _K9EFUHXDEeauMPtoFodBVw);QuickBooking (ID: __VPcQOtlEd-m3_hR0FtH3Q);DBServer (ID: _7jiyMV5LEeavvL8WcdoZSg);Server1 (ID: _g7HJEC6MEd-Jla2o7wkBzQ);Server2 (ID: _h3wXgC6MEd-Jla2o7wkBzQ);Server1 (ID: _g7HJEC6MEd-Jla2o7wkBzQ);Server1 (ID: _g7HJEC6MEd-Jla2o7wkBzQ);1;61;
Infinity;8.001676242046038;1865.790172777696;5.267382051287056;1000.4263773611578;2.3082933525470404;969.13485575243;3.2050430449190173;1503051.7149279627;FastWriteTripDB (ID: C_letEAF41EeavvL8WcdoZSg);Exporter (ID: _QWlc0F_MEeahZew5WJ0QOQ);QuickBooking (ID: __VPcQOtlEd-m3_hR0FtH3Q);Server2 (ID: _h3wXgC6MEd-Jla2o7wkBzQ);Server3 (ID: _vxqJwS6QEd-pNfzbJsur0g);Server1 (ID: _g7HJEC6MEd-Jla2o7wkBzQ);Server2 (ID: _h3wXgC6MEd-Jla2o7wkBzQ);Server1 (ID: _g7HJEC6MEd-Jla2o7wkBzQ);1;62;
Infinity;8.224081593650887;1141.2002722984998;4.7141437604003755;1366.80163023229;5.801687944856383;1293.8548145752675;3.6639759511431524;780913.9085128189;TripDB (ID: _letEAF41EeavvL8WcdoZSg);AlternativeExporter (ID: _K9EFUHXDEeauMPtoFodBVw);BookingSystem (ID: _ZZH7IC6IEd-Jla2o7wkBzQ);DBServer (ID: _7jiyMV5LEeavvL8WcdoZSg);Server1 (ID: _g7HJEC6MEd-Jla2o7wkBzQ);Server3 (ID: _vxqJwS6QEd-pNfzbJsur0g);Server3 (ID: _vxqJwS6QEd-pNfzbJsur0g);Server3 (ID: _vxqJwS6QEd-pNfzbJsur0g);1;63;
Infinity;2.5785124937546806;1741.4659243487188;3.6102424350937623;688.4963358583898;4.1443132991703795;866.9354612034427;6.836212670218267;1799406.8655747091;TripDB (ID: _letEAF41EeavvL8WcdoZSg);AlternativeExporter (ID: _K9EFUHXDEeauMPtoFodBVw);BookingSystem (ID: _ZZH7IC6IEd-Jla2o7wkBzQ);Server3 (ID: _vxqJwS6QEd-pNfzbJsur0g);Server2 (ID: _h3wXgC6MEd-Jla2o7wkBzQ);DBServer (ID: _7jiyMV5LEeavvL8WcdoZSg);Server1 (ID: _g7HJEC6MEd-Jla2o7wkBzQ);DBServer (ID: _7jiyMV5LEeavvL8WcdoZSg);1;64;
Infinity;7.133982905239155;1027.917440356914;4.493857255944067;751.3709846908456;3.2431468941344237;1815.6957348791714;6.702098725407986;950956.4119890435;TripDB (ID: _letEAF41EeavvL8WcdoZSg);Exporter (ID: _QWlc0F_MEeahZew5WJ0QOQ);BookingSystem (ID: _ZZH7IC6IEd-Jla2o7wkBzQ);Server1 (ID: _g7HJEC6MEd-Jla2o7wkBzQ);DBServer (ID: _7jiyMV5LEeavvL8WcdoZSg);Server2 (ID: _h3wXgC6MEd-Jla2o7wkBzQ);DBServer (ID: _7jiyMV5LEeavvL8WcdoZSg);Server3 (ID: _vxqJwS6QEd-pNfzbJsur0g);1;65;
Infinity;4.871269727148712;1774.9830865978872;1.7552321009420633;1757.5698913675385;3.4331290139211283;1281.4632149487556;3.291708087787641;1061822.6840437604;FastReadTripDB (ID: B_letEAF41EeavvL8WcdoZSg);AlternativeExporter (ID: _K9EFUHXDEeauMPtoFodBVw);BookingSystem (ID: _ZZH7IC6IEd-Jla2o7wkBzQ);DBServer (ID: _7jiyMV5LEeavvL8WcdoZSg);DBServer (ID: _7jiyMV5LEeavvL8WcdoZSg);DBServer (ID: _7jiyMV5LEeavvL8WcdoZSg);Server3 (ID: _vxqJwS6QEd-pNfzbJsur0g);Server2 (ID: _h3wXgC6MEd-Jla2o7wkBzQ);1;66;
Infinity;5.400334742993123;591.5270273328399;4.0546569736199505;1869.5700617341397;5.206556710378378;1281.0303945716828;6.412346585525699;1978957.1505766027;FastReadTripDB (ID: B_letEAF41EeavvL8WcdoZSg);AlternativeExporter (ID: _K9EFUHXDEeauMPtoFodBVw);QuickBooking (ID: __VPcQOtlEd-m3_hR0FtH3Q);Server3 (ID: _vxqJwS6QEd-pNfzbJsur0g);DBServer (ID: _7jiyMV5LEeavvL8WcdoZSg);Server3 (ID: _vxqJwS6QEd-pNfzbJsur0g);Server3 (ID: _vxqJwS6QEd-pNfzbJsur0g);Server2 (ID: _h3wXgC6MEd-Jla2o7wkBzQ);1;67;
Infinity;6.1183725239057445;1999.9007906136462;1.8396042918578857;930.4467530124965;5.754701919821936;1858.0764847026296;5.302396934267591;1636694.282530927;FastReadTripDB (ID: B_letEAF41EeavvL8WcdoZSg);Exporter (ID: _QWlc0F_MEeahZew5WJ0QOQ);QuickBooking (ID: __VPcQOtlEd-m3_hR0FtH3Q);DBServer (ID: _7jiyMV5LEeavvL8WcdoZSg);Server3 (ID: _vxqJwS6QEd-pNfzbJsur0g);DBServer (ID: _7jiyMV5LEeavvL8WcdoZSg);Server1 (ID: _g7HJEC6MEd-Jla2o7wkBzQ);Server3 (ID: _vxqJwS6QEd-pNfzbJsur0g);1;68;
Infinity;5.066198065257598;587.4579913414998;4.813056727922322;1587.0841929561548;4.33415236373646;683.7801070635946;3.217774539890595;1752509.8409330088;TripDB (ID: _letEAF41EeavvL8WcdoZSg);Exporter (ID: _QWlc0F_MEeahZew5WJ0QOQ);BookingSystem (ID: _ZZH7IC6IEd-Jla2o7wkBzQ);Server2 (ID: _h3wXgC6MEd-Jla2o7wkBzQ);Server1 (ID: _g7HJEC6MEd-Jla2o7wkBzQ);Server3 (ID: _vxqJwS6QEd-pNfzbJsur0g);Server1 (ID: _g7HJEC6MEd-Jla2o7wkBzQ);Server2 (ID: _h3wXgC6MEd-Jla2o7wkBzQ);1;69;
Infinity;3.6253666058008998;734.7819290926604;1.7244369905191574;1486.8049963767091;3.6335420843239787;1409.5125352819612;8.510200654249402;1155163.2285521426;TripDB (ID: _letEAF41EeavvL8WcdoZSg);Exporter (ID: _QWlc0F_MEeahZew5WJ0QOQ);QuickBooking (ID: __VPcQOtlEd-m3_hR0FtH3Q);DBServer (ID: _7jiyMV5LEeavvL8WcdoZSg);DBServer (ID: _7jiyMV5LEeavvL8WcdoZSg);Server1 (ID: _g7HJEC6MEd-Jla2o7wkBzQ);Server3 (ID: _vxqJwS6QEd-pNfzbJsur0g);DBServer (ID: _7jiyMV5LEeavvL8WcdoZSg);1;70;
Infinity;2.7568981891715163;1992.5315680383694;3.560133923332991;1549.9561306745345;1.588964276235298;1028.9411375905124;4.3804015607052165;1614456.3389706973;TripDB (ID: _letEAF41EeavvL8WcdoZSg);AlternativeExporter (ID: _K9EFUHXDEeauMPtoFodBVw);BookingSystem (ID: _ZZH7IC6IEd-Jla2o7wkBzQ);DBServer (ID: _7jiyMV5LEeavvL8WcdoZSg);Server3 (ID: _vxqJwS6QEd-pNfzbJsur0g);DBServer (ID: _7jiyMV5LEeavvL8WcdoZSg);Server3 (ID: _vxqJwS6QEd-pNfzbJsur0g);Server1 (ID: _g7HJEC6MEd-Jla2o7wkBzQ);1;71;
Infinity;2.791978224556896;1816.5154623214269;3.8285254489903817;576.167129078954;4.36450604144898;1080.2232819398764;6.07054853743665;657665.130641229;FastWriteTripDB (ID: C_letEAF41EeavvL8WcdoZSg);Exporter (ID: _QWlc0F_MEeahZew5WJ0QOQ);QuickBooking (ID: __VPcQOtlEd-m3_hR0FtH3Q);Server2 (ID: _h3wXgC6MEd-Jla2o7wkBzQ);Server2 (ID: _h3wXgC6MEd-Jla2o7wkBzQ);Server2 (ID: _h3wXgC6MEd-Jla2o7wkBzQ);DBServer (ID: _7jiyMV5LEeavvL8WcdoZSg);Server2 (ID: _h3wXgC6MEd-Jla2o7wkBzQ);1;72;
Infinity;5.642853252618339;711.1730864154063;4.502268550719769;847.6638738939123;5.546422812370747;1144.0934873874348;4.849455169808188;1654369.4672011668;TripDB (ID: _letEAF41EeavvL8WcdoZSg);Exporter (ID: _QWlc0F_MEeahZew5WJ0QOQ);BookingSystem (ID: _ZZH7IC6IEd-Jla2o7wkBzQ);DBServer (ID: _7jiyMV5LEeavvL8WcdoZSg);DBServer (ID: _7jiyMV5LEeavvL8WcdoZSg);DBServer (ID: _7jiyMV5LEeavvL8WcdoZSg);DBServer (ID: _7jiyMV5LEeavvL8WcdoZSg);DBServer (ID: _7jiyMV5LEeavvL8WcdoZSg);1;73;
Infinity;7.973371676646365;1868.6125517162889;4.169089937871156;1447.1676196879057;4.554961044153895;999.9863480306373;7.622969712894431;1870223.3634927536;FastWriteTripDB (ID: C_letEAF41EeavvL8WcdoZSg);AlternativeExporter (ID: _K9EFUHXDEeauMPtoFodBVw);BookingSystem (ID: _ZZH7IC6IEd-Jla2o7wkBzQ);Server1 (ID: _g7HJEC6MEd-Jla2o7wkBzQ);DBServer (ID: _7jiyMV5LEeavvL8WcdoZSg);DBServer (ID: _7jiyMV5LEeavvL8WcdoZSg);Server1 (ID: _g7HJEC6MEd-Jla2o7wkBzQ);Server2 (ID: _h3wXgC6MEd-Jla2o7wkBzQ);1;74;
Infinity;6.713509766899727;1418.0745436112102;4.598296860469054;1232.8860761764013;3.3409326602228786;947.7915789502864;7.6067794682956835;644969.9874645227;TripDB (ID: _letEAF41EeavvL8WcdoZSg);Exporter (ID: _QWlc0F_MEeahZew5WJ0QOQ);BookingSystem (ID: _ZZH7IC6IEd-Jla2o7wkBzQ);Server1 (ID: _g7HJEC6MEd-Jla2o7wkBzQ);Server3 (ID: _vxqJwS6QEd-pNfzbJsur0g);Server2 (ID: _h3wXgC6MEd-Jla2o7wkBzQ);Server3 (ID: _vxqJwS6QEd-pNfzbJsur0g);Server1 (ID: _g7HJEC6MEd-Jla2o7wkBzQ);1;75;
Infinity;3.4903345691323135;1540.9147648907124;1.9481794391619545;1446.3026447645514;5.79571606094684;1244.5999695806663;3.18272858544889;1120643.8615174382;FastWriteTripDB (ID: C_letEAF41EeavvL8WcdoZSg);AlternativeExporter (ID: _K9EFUHXDEeauMPtoFodBVw);BookingSystem (ID: _ZZH7IC6IEd-Jla2o7wkBzQ);Server1 (ID: _g7HJEC6MEd-Jla2o7wkBzQ);DBServer (ID: _7jiyMV5LEeavvL8WcdoZSg);DBServer (ID: _7jiyMV5LEeavvL8WcdoZSg);Server2 (ID: _h3wXgC6MEd-Jla2o7wkBzQ);Server1 (ID: _g7HJEC6MEd-Jla2o7wkBzQ);1;76;
Infinity;8.073000753784124;749.8464945095037;2.99361129839118;1549.0028526956871;1.7818787679091388;1732.5921877110854;3.507041957557055;767886.3335281423;FastReadTripDB (ID: B_letEAF41EeavvL8WcdoZSg);AlternativeExporter (ID: _K9EFUHXDEeauMPtoFodBVw);BookingSystem (ID: _ZZH7IC6IEd-Jla2o7wkBzQ);Server2 (ID: _h3wXgC6MEd-Jla2o7wkBzQ);Server3 (ID: _vxqJwS6QEd-pNfzbJsur0g);Server3 (ID: _vxqJwS6QEd-pNfzbJsur0g);Server1 (ID: _g7HJEC6MEd-Jla2o7wkBzQ);Server2 (ID: _h3wXgC6MEd-Jla2o7wkBzQ);1;77;
Infinity;6.38099543207655;1385.4152348109617;3.5292693473388086;600.2901581371298;4.441257543945632;1506.1750475938456;6.274913605477437;1640353.3126710022;FastReadTripDB (ID: B_letEAF41EeavvL8WcdoZSg);AlternativeExporter (ID: _K9EFUHXDEeauMPtoFodBVw);QuickBooking (ID: __VPcQOtlEd-m3_hR0FtH3Q);Server3 (ID: _vxqJwS6QEd-pNfzbJsur0g);Server1 (ID: _g7HJEC6MEd-Jla2o7wkBzQ);DBServer (ID: _7jiyMV5LEeavvL8WcdoZSg);Server2 (ID: _h3wXgC6MEd-Jla2o7wkBzQ);Server2 (ID: _h3wXgC6MEd-Jla2o7wkBzQ);1;78;
Infinity;6.481058518382173;507.41960723157155;3.988786808269507;1922.7103528701994;2.6449348147965583;1799.2929272652482;4.36317784043485;1353481.2843856458;TripDB (ID: _letEAF41EeavvL8WcdoZSg);Exporter (ID: _QWlc0F_MEeahZew5WJ0QOQ);BookingSystem (ID: _ZZH7IC6IEd-Jla2o7wkBzQ);DBServer (ID: _7jiyMV5LEeavvL8WcdoZSg);Server3 (ID: _vxqJwS6QEd-pNfzbJsur0g);Server2 (ID: _h3wXgC6MEd-Jla2o7wkBzQ);DBServer (ID: _7jiyMV5LEeavvL8WcdoZSg);Server3 (ID: _vxqJwS6QEd-pNfzbJsur0g);1;79;
Infinity;7.036707383067279;1180.5759010007246;4.2897136932698485;1427.620975987279;4.62405948136171;685.0194955615179;5.17524329402093;1098521.4868994611;FastReadTripDB (ID: B_letEAF41EeavvL8WcdoZSg);Exporter (ID: _QWlc0F_MEeahZew5WJ0QOQ);BookingSystem (ID: _ZZH7IC6IEd-Jla2o7wkBzQ);Server3 (ID: _vxqJwS6QEd-pNfzbJsur0g);Server1 (ID: _g7HJEC6MEd-Jla2o7wkBzQ);Server3 (ID: _vxqJwS6QEd-pNfzbJsur0g);Server3 (ID: _vxqJwS6QEd-pNfzbJsur0g);Server2 (ID: _h3wXgC6MEd-Jla2o7wkBzQ);1;80;
Infinity;7.550469616559413;1205.6106527164693;4.821984246765696;917.054726322275;4.588035796634939;1949.9878327604151;3.6886684253892037;1200558.0393663947;FastReadTripDB (ID: B_letEAF41EeavvL8WcdoZSg);AlternativeExporter (ID: _K9EFUHXDEeauMPtoFodBVw);BookingSystem (ID: _ZZH7IC6IEd-Jla2o7wkBzQ);Server3 (ID: _vxqJwS6QEd-pNfzbJsur0g);Server3 (ID: _vxqJwS6QEd-pNfzbJsur0g);Server3 (ID: _vxqJwS6QEd-pNfzbJsur0g);Server1 (ID: _g7HJEC6MEd-Jla2o7wkBzQ);Server1 (ID: _g7HJEC6MEd-Jla2o7wkBzQ);1;81;
Infinity;8.131303478126686;1078.8134192906955;3.1337440993721435;1324.739208880862;3.524331722892661;1562.4472174369876;3.2265311361147213;1405921.819805705;TripDB (ID: _letEAF41EeavvL8WcdoZSg);AlternativeExporter (ID: _K9EFUHXDEeauMPtoFodBVw);QuickBooking (ID: __VPcQOtlEd-m3_hR0FtH3Q);DBServer (ID: _7jiyMV5LEeavvL8WcdoZSg);Server3 (ID: _vxqJwS6QEd-pNfzbJsur0g);Server3 (ID: _vxqJwS6QEd-pNfzbJsur0g);Server3 (ID: _vxqJwS6QEd-pNfzbJsur0g);Server1 (ID: _g7HJEC6MEd-Jla2o7wkBzQ);1;82;
Infinity;3.2557314099345556;930.9881855556034;5.552308528990509;1291.328355335293;4.1096410801623104;1985.0254188782828;8.688679314388668;1297245.9951971066;FastWriteTripDB (ID: C_letEAF41EeavvL8WcdoZSg);AlternativeExporter (ID: _K9EFUHXDEeauMPtoFodBVw);BookingSystem (ID: _ZZH7IC6IEd-Jla2o7wkBzQ);DBServer (ID: _7jiyMV5LEeavvL8WcdoZSg);Server1 (ID: _g7HJEC6MEd-Jla2o7wkBzQ);DBServer (ID: _7jiyMV5LEeavvL8WcdoZSg);Server3 (ID: _vxqJwS6QEd-pNfzbJsur0g);Server2 (ID: _h3wXgC6MEd-Jla2o7wkBzQ);1;83;
Infinity;3.9947746826296617;1557.2061638184966;4.639190479380154;986.7184595836818;1.7003603299959953;1580.6449277607858;6.26888299925449;1181733.4917457278;FastReadTripDB (ID: B_letEAF41EeavvL8WcdoZSg);AlternativeExporter (ID: _K9EFUHXDEeauMPtoFodBVw);BookingSystem (ID: _ZZH7IC6IEd-Jla2o7wkBzQ);DBServer (ID: _7jiyMV5LEeavvL8WcdoZSg);Server3 (ID: _vxqJwS6QEd-pNfzbJsur0g);Server3 (ID: _vxqJwS6QEd-pNfzbJsur0g);DBServer (ID: _7jiyMV5LEeavvL8WcdoZSg);Server2 (ID: _h3wXgC6MEd-Jla2o7wkBzQ);1;84;
Infinity;3.1996715508180724;1966.0596244079038;2.6611991149100325;948.517515091912;5.737546120486822;1712.24200406228;5.774378229027851;1122810.6334421788;TripDB (ID: _letEAF41EeavvL8WcdoZSg);Exporter (ID: _QWlc0F_MEeahZew5WJ0QOQ);QuickBooking (ID: __VPcQOtlEd-m3_hR0FtH3Q);DBServer (ID: _7jiyMV5LEeavvL8WcdoZSg);Server2 (ID: _h3wXgC6MEd-Jla2o7wkBzQ);DBServer (ID: _7jiyMV5LEeavvL8WcdoZSg);Server1 (ID: _g7HJEC6MEd-Jla2o7wkBzQ);Server1 (ID: _g7HJEC6MEd-Jla2o7wkBzQ);1;85;
Infinity;2.839418517985157;519.5835507709664;4.382358554844147;1768.3500037114388;2.7465396180768256;840.41084727724;3.669331619279924;1510532.6059229765;FastWriteTripDB (ID: C_letEAF41EeavvL8WcdoZSg);AlternativeExporter (ID: _K9EFUHXDEeauMPtoFodBVw);QuickBooking (ID: __VPcQOtlEd-m3_hR0FtH3Q);DBServer (ID: _7jiyMV5LEeavvL8WcdoZSg);Server3 (ID: _vxqJwS6QEd-pNfzbJsur0g);Server2 (ID: _h3wXgC6MEd-Jla2o7wkBzQ);Server1 (ID: _g7HJEC6MEd-Jla2o7wkBzQ);Server1 (ID: _g7HJEC6MEd-Jla2o7wkBzQ);1;86;
Infinity;3.390431869593051;1725.0063552770039;4.81598634665216;1010.549791264867;4.183837455923122;772.1159009727402;7.408629928919982;1101515.133527943;FastReadTripDB (ID: B_letEAF41EeavvL8WcdoZSg);Exporter (ID: _QWlc0F_MEeahZew5WJ0QOQ);BookingSystem (ID: _ZZH7IC6IEd-Jla2o7wkBzQ);Server3 (ID: _vxqJwS6QEd-pNfzbJsur0g);Server1 (ID: _g7HJEC6MEd-Jla2o7wkBzQ);DBServer (ID: _7jiyMV5LEeavvL8WcdoZSg);Server1 (ID: _g7HJEC6MEd-Jla2o7wkBzQ);Server2 (ID: _h3wXgC6MEd-Jla2o7wkBzQ);1;87;
Infinity;5.494707255943942;1400.90945082883;3.902695395577783;1097.8688118360424;3.1622026309167137;1664.1119747369132;6.950819552662602;1950958.3466441971;TripDB (ID: _letEAF41EeavvL8WcdoZSg);Exporter (ID: _QWlc0F_MEeahZew5WJ0QOQ);QuickBooking (ID: __VPcQOtlEd-m3_hR0FtH3Q);Server1 (ID: _g7HJEC6MEd-Jla2o7wkBzQ);Server2 (ID: _h3wXgC6MEd-Jla2o7wkBzQ);Server3 (ID: _vxqJwS6QEd-pNfzbJsur0g);Server2 (ID: _h3wXgC6MEd-Jla2o7wkBzQ);Server1 (ID: _g7HJEC6MEd-Jla2o7wkBzQ);1;88;
Infinity;4.524580852311451;538.4511334452206;4.808760360247483;889.9235293822157;4.948578819161009;1699.777985913608;7.618935844140812;1975236.0216333843;FastWriteTripDB (ID: C_letEAF41EeavvL8WcdoZSg);Exporter (ID: _QWlc0F_MEeahZew5WJ0QOQ);BookingSystem (ID: _ZZH7IC6IEd-Jla2o7wkBzQ);DBServer (ID: _7jiyMV5LEeavvL8WcdoZSg);Server1 (ID: _g7HJEC6MEd-Jla2o7wkBzQ);Server1 (ID: _g7HJEC6MEd-Jla2o7wkBzQ);Server1 (ID: _g7HJEC6MEd-Jla2o7wkBzQ);Server1 (ID: _g7HJEC6MEd-Jla2o7wkBzQ);1;89;
Infinity;7.617607669295998;1644.2178015249824;5.236709803075895;1208.286453990816;3.5448880929328337;1499.185322372687;9.142728288084873;1327531.9389037315;TripDB (ID: _letEAF41EeavvL8WcdoZSg);AlternativeExporter (ID: _K9EFUHXDEeauMPtoFodBVw);BookingSystem (ID: _ZZH7IC6IEd-Jla2o7wkBzQ);Server1 (ID: _g7HJEC6MEd-Jla2o7wkBzQ);DBServer (ID: _7jiyMV5LEeavvL8WcdoZSg);Server3 (ID: _vxqJwS6QEd-pNfzbJsur0g);Server3 (ID: _vxqJwS6QEd-pNfzbJsur0g);DBServer (ID: _7jiyMV5LEeavvL8WcdoZSg);1;90;
Infinity;6.990754686783337;1524.424207670138;5.515833133688878;849.3203622671714;4.522801116496195;1696.5431712884872;5.0642689408733785;511860.4707084536;TripDB (ID: _letEAF41EeavvL8WcdoZSg);Exporter (ID: _QWlc0F_MEeahZew5WJ0QOQ);QuickBooking (ID: __VPcQOtlEd-m3_hR0FtH3Q);DBServer (ID: _7jiyMV5LEeavvL8WcdoZSg);Server3 (ID: _vxqJwS6QEd-pNfzbJsur0g);Server1 (ID: _g7HJEC6MEd-Jla2o7wkBzQ);DBServer (ID: _7jiyMV5LEeavvL8WcdoZSg);Server2 (ID: _h3wXgC6MEd-Jla2o7wkBzQ);1;91;
Infinity;3.729272519140843;1430.4104128328631;4.487182832916219;616.8354854231738;2.5996571880264834;638.7499904455759;6.495295299922779;1091091.3060210359;FastWriteTripDB (ID: C_letEAF41EeavvL8WcdoZSg);Exporter (ID: _QWlc0F_MEeahZew5WJ0QOQ);QuickBooking (ID: __VPcQOtlEd-m3_hR0FtH3Q);DBServer (ID: _7jiyMV5LEeavvL8WcdoZSg);Server2 (ID: _h3wXgC6MEd-Jla2o7wkBzQ);Server3 (ID: _vxqJwS6QEd-pNfzbJsur0g);DBServer (ID: _7jiyMV5LEeavvL8WcdoZSg);Server3 (ID: _vxqJwS6QEd-pNfzbJsur0g);1;92;
Infinity;3.785048249548736;897.044762538518;5.176275048014158;1004.7106842856799;4.751213088331575;1617.7141424538074;4.647058576118671;1919529.4996389293;FastWriteTripDB (ID: C_letEAF41EeavvL8WcdoZSg);Exporter (ID: _QWlc0F_MEeahZew5WJ0QOQ);QuickBooking (ID: __VPcQOtlEd-m3_hR0FtH3Q);Server1 (ID: _g7HJEC6MEd-Jla2o7wkBzQ);Server3 (ID: _vxqJwS6QEd-pNfzbJsur0g);Server2 (ID: _h3wXgC6MEd-Jla2o7wkBzQ);DBServer (ID: _7jiyMV5LEeavvL8WcdoZSg);Server1 (ID: _g7HJEC6MEd-Jla2o7wkBzQ);1;93;
Infinity;6.607575234124332;1451.8521698181548;4.891766368701568;1038.1182224181496;3.1838438655121624;1962.2404430266993;5.28613867718162;943477.0375461566;FastWriteTripDB (ID: C_letEAF41EeavvL8WcdoZSg);AlternativeExporter (ID: _K9EFUHXDEeauMPtoFodBVw);BookingSystem (ID: _ZZH7IC6IEd-Jla2o7wkBzQ);Server2 (ID: _h3wXgC6MEd-Jla2o7wkBzQ);Server1 (ID: _g7HJEC6MEd-Jla2o7wkBzQ);Server1 (ID: _g7HJEC6MEd-Jla2o7wkBzQ);DBServer (ID: _7jiyMV5LEeavvL8WcdoZSg);Server1 (ID: _g7HJEC6MEd-Jla2o7wkBzQ);1;94;
Infinity;2.424926337922828;1006.2921145013129;4.0591309276187815;1569.2928046561813;3.733930468300435;865.8590549281203;3.3193296849015144;749687.5743993634;TripDB (ID: _letEAF41EeavvL8WcdoZSg);AlternativeExporter (ID: _K9EFUHXDEeauMPtoFodBVw);QuickBooking (ID: __VPcQOtlEd-m3_hR0FtH3Q);Server3 (ID: _vxqJwS6QEd-pNfzbJsur0g);Server1 (ID: _g7HJEC6MEd-Jla2o7wkBzQ);Server3 (ID: _vxqJwS6QEd-pNfzbJsur0g);Server2 (ID: _h3wXgC6MEd-Jla2o7wkBzQ);Server2 (ID: _h3wXgC6MEd-Jla2o7wkBzQ);1;95;
Infinity;2.6399850556832023;804.0791289409974;4.900475856690815;1351.3783743537124;1.7107711937065884;1100.1772005777034;8.226412452549077;1060870.1077827183;TripDB (ID: _letEAF41EeavvL8WcdoZSg);AlternativeExporter (ID: _K9EFUHXDEeauMPtoFodBVw);BookingSystem (ID: _ZZH7IC6IEd-Jla2o7wkBzQ);Server1 (ID: _g7HJEC6MEd-Jla2o7wkBzQ);DBServer (ID: _7jiyMV5LEeavvL8WcdoZSg);Server1 (ID: _g7HJEC6MEd-Jla2o7wkBzQ);Server1 (ID: _g7HJEC6MEd-Jla2o7wkBzQ);Server3 (ID: _vxqJwS6QEd-pNfzbJsur0g);1;96;
Infinity;8.604466758359518;1628.6571855585814;5.2609881280943345;1609.6496148495617;2.83994218641272;1737.5297976283216;2.924978861318035;1877016.7784878225;FastReadTripDB (ID: B_letEAF41EeavvL8WcdoZSg);Exporter (ID: _QWlc0F_MEeahZew5WJ0QOQ);QuickBooking (ID: __VPcQOtlEd-m3_hR0FtH3Q);DBServer (ID: _7jiyMV5LEeavvL8WcdoZSg);Server2 (ID: _h3wXgC6MEd-Jla2o7wkBzQ);DBServer (ID: _7jiyMV5LEeavvL8WcdoZSg);DBServer (ID: _7jiyMV5LEeavvL8WcdoZSg);DBServer (ID: _7jiyMV5LEeavvL8WcdoZSg);1;97;
Infinity;4.930886246345349;550.9381318337112;4.18941879368127;1810.9200214327718;2.281947276661075;1247.390138052283;7.956773859611267;1893530.1931593851;TripDB (ID: _letEAF41EeavvL8WcdoZSg);AlternativeExporter (ID: _K9EFUHXDEeauMPtoFodBVw);BookingSystem (ID: _ZZH7IC6IEd-Jla2o7wkBzQ);Server3 (ID: _vxqJwS6QEd-pNfzbJsur0g);Server2 (ID: _h3wXgC6MEd-Jla2o7wkBzQ);Server1 (ID: _g7HJEC6MEd-Jla2o7wkBzQ);DBServer (ID: _7jiyMV5LEeavvL8WcdoZSg);Server3 (ID: _vxqJwS6QEd-pNfzbJsur0g);1;98;
Infinity;3.504945479989848;743.2876523944999;4.754361844370667;990.3870615868046;4.044617568570223;765.1904219391162;5.101452501035159;1351963.938117297;FastWriteTripDB (ID: C_letEAF41EeavvL8WcdoZSg);Exporter (ID: _QWlc0F_MEeahZew5WJ0QOQ);BookingSystem (ID: _ZZH7IC6IEd-Jla2o7wkBzQ);Server1 (ID: _g7HJEC6MEd-Jla2o7wkBzQ);Server3 (ID: _vxqJwS6QEd-pNfzbJsur0g);Server3 (ID: _vxqJwS6QEd-pNfzbJsur0g);Server2 (ID: _h3wXgC6MEd-Jla2o7wkBzQ);Server1 (ID: _g7HJEC6MEd-Jla2o7wkBzQ);1;99;
Infinity;3.4189644890566617;944.0876366821497;1.9654878311134576;1365.810847421952;5.863910093235109;1394.3627047955804;8.899865650758832;1424124.3271767902;FastWriteTripDB (ID: C_letEAF41EeavvL8WcdoZSg);Exporter (ID: _QWlc0F_MEeahZew5WJ0QOQ);BookingSystem (ID: _ZZH7IC6IEd-Jla2o7wkBzQ);Server1 (ID: _g7HJEC6MEd-Jla2o7wkBzQ);Server1 (ID: _g7HJEC6MEd-Jla2o7wkBzQ);DBServer (ID: _7jiyMV5LEeavvL8WcdoZSg);Server1 (ID: _g7HJEC6MEd-Jla2o7wkBzQ);Server1 (ID: _g7HJEC6MEd-Jla2o7wkBzQ);1;150;
Infinity;3.468726091960846;1621.8017388742799;1.557055938895377;1531.8760180931208;3.8965455604234775;1818.7670560706154;5.357746003224106;538589.5730844486;FastReadTripDB (ID: B_letEAF41EeavvL8WcdoZSg);AlternativeExporter (ID: _K9EFUHXDEeauMPtoFodBVw);BookingSystem (ID: _ZZH7IC6IEd-Jla2o7wkBzQ);DBServer (ID: _7jiyMV5LEeavvL8WcdoZSg);DBServer (ID: _7jiyMV5LEeavvL8WcdoZSg);Server3 (ID: _vxqJwS6QEd-pNfzbJsur0g);Server3 (ID: _vxqJwS6QEd-pNfzbJsur0g);DBServer (ID: _7jiyMV5LEeavvL8WcdoZSg);1;151;
Infinity;2.333459507733158;1390.1944967471686;2.6541805283892135;517.6325111292263;4.803076514758694;1036.0834863953673;6.809599701392604;1125802.2870834921;FastReadTripDB (ID: B_letEAF41EeavvL8WcdoZSg);AlternativeExporter (ID: _K9EFUHXDEeauMPtoFodBVw);QuickBooking (ID: __VPcQOtlEd-m3_hR0FtH3Q);DBServer (ID: _7jiyMV5LEeavvL8WcdoZSg);Server3 (ID: _vxqJwS6QEd-pNfzbJsur0g);Server1 (ID: _g7HJEC6MEd-Jla2o7wkBzQ);Server1 (ID: _g7HJEC6MEd-Jla2o7wkBzQ);Server1 (ID: _g7HJEC6MEd-Jla2o7wkBzQ);1;152;
Infinity;7.011297216877774;1580.691455805967;4.870951615992822;950.0322245047971;4.066097248576238;1483.831632310114;2.8793925874814525;966165.6286642182;FastReadTripDB (ID: B_letEAF41EeavvL8WcdoZSg);AlternativeExporter (ID: _K9EFUHXDEeauMPtoFodBVw);BookingSystem (ID: _ZZH7IC6IEd-Jla2o7wkBzQ);Server1 (ID: _g7HJEC6MEd-Jla2o7wkBzQ);Server3 (ID: _vxqJwS6QEd-pNfzbJsur0g);Server2 (ID: _h3wXgC6MEd-Jla2o7wkBzQ);Server1 (ID: _g7HJEC6MEd-Jla2o7wkBzQ);Server2 (ID: _h3wXgC6MEd-Jla2o7wkBzQ);1;153;
Infinity;7.011092661524341;1581.495978750658;5.5340669519525045;1631.5244218433727;3.5925654894136745;914.992118039404;3.7638189153454036;1181078.2444086457;TripDB (ID: _letEAF41EeavvL8WcdoZSg);AlternativeExporter (ID: _K9EFUHXDEeauMPtoFodBVw);BookingSystem (ID: _ZZH7IC6IEd-Jla2o7wkBzQ);Server2 (ID: _h3wXgC6MEd-Jla2o7wkBzQ);Server1 (ID: _g7HJEC6MEd-Jla2o7wkBzQ);Server1 (ID: _g7HJEC6MEd-Jla2o7wkBzQ);Server1 (ID: _g7HJEC6MEd-Jla2o7wkBzQ);Server2 (ID: _h3wXgC6MEd-Jla2o7wkBzQ);1;154;
Infinity;8.457731839713457;995.1706933265084;2.747367547679124;1322.2685373827055;2.8820145590812385;1993.8841425671817;9.763040588553851;760003.920393362;FastReadTripDB (ID: B_letEAF41EeavvL8WcdoZSg);AlternativeExporter (ID: _K9EFUHXDEeauMPtoFodBVw);BookingSystem (ID: _ZZH7IC6IEd-Jla2o7wkBzQ);Server1 (ID: _g7HJEC6MEd-Jla2o7wkBzQ);DBServer (ID: _7jiyMV5LEeavvL8WcdoZSg);Server1 (ID: _g7HJEC6MEd-Jla2o7wkBzQ);DBServer (ID: _7jiyMV5LEeavvL8WcdoZSg);DBServer (ID: _7jiyMV5LEeavvL8WcdoZSg);1;155;
Infinity;6.81712449242915;608.466561056905;2.7357773317121854;1624.4892632515591;5.075892709444199;832.8594735274403;5.387921660130836;768173.8883207311;FastReadTripDB (ID: B_letEAF41EeavvL8WcdoZSg);AlternativeExporter (ID: _K9EFUHXDEeauMPtoFodBVw);QuickBooking (ID: __VPcQOtlEd-m3_hR0FtH3Q);DBServer (ID: _7jiyMV5LEeavvL8WcdoZSg);Server2 (ID: _h3wXgC6MEd-Jla2o7wkBzQ);Server3 (ID: _vxqJwS6QEd-pNfzbJsur0g);Server1 (ID: _g7HJEC6MEd-Jla2o7wkBzQ);Server2 (ID: _h3wXgC6MEd-Jla2o7wkBzQ);1;156;
Infinity;3.682564489495612;1190.8779973976407;3.043850786312069;1588.9793714569757;2.8497514212708044;1484.9969563761204;8.057475817569578;1967592.3368867075;FastReadTripDB (ID: B_letEAF41EeavvL8WcdoZSg);AlternativeExporter (ID: _K9EFUHXDEeauMPtoFodBVw);QuickBooking (ID: __VPcQOtlEd-m3_hR0FtH3Q);Server1 (ID: _g7HJEC6MEd-Jla2o7wkBzQ);DBServer (ID: _7jiyMV5LEeavvL8WcdoZSg);DBServer (ID: _7jiyMV5LEeavvL8WcdoZSg);DBServer (ID: _7jiyMV5LEeavvL8WcdoZSg);Server3 (ID: _vxqJwS6QEd-pNfzbJsur0g);1;157;
Infinity;3.821833601885582;1226.11795008656;5.740035845120331;1429.0439103612655;3.7468820802653755;802.2398785083512;6.061995116531293;564485.129103692;FastWriteTripDB (ID: C_letEAF41EeavvL8WcdoZSg);Exporter (ID: _QWlc0F_MEeahZew5WJ0QOQ);BookingSystem (ID: _ZZH7IC6IEd-Jla2o7wkBzQ);Server2 (ID: _h3wXgC6MEd-Jla2o7wkBzQ);Server3 (ID: _vxqJwS6QEd-pNfzbJsur0g);Server3 (ID: _vxqJwS6QEd-pNfzbJsur0g);Server3 (ID: _vxqJwS6QEd-pNfzbJsur0g);DBServer (ID: _7jiyMV5LEeavvL8WcdoZSg);1;158;
Infinity;3.465494384461759;1070.7600152048858;5.796532992477886;958.7540434314519;5.031016897541319;1443.6192032892204;4.643957357629824;1459937.7279559567;FastReadTripDB (ID: B_letEAF41EeavvL8WcdoZSg);Exporter (ID: _QWlc0F_MEeahZew5WJ0QOQ);BookingSystem (ID: _ZZH7IC6IEd-Jla2o7wkBzQ);Server3 (ID: _vxqJwS6QEd-pNfzbJsur0g);Server3 (ID: _vxqJwS6QEd-pNfzbJsur0g);Server2 (ID: _h3wXgC6MEd-Jla2o7wkBzQ);DBServer (ID: _7jiyMV5LEeavvL8WcdoZSg);Server3 (ID: _vxqJwS6QEd-pNfzbJsur0g);1;159;
Infinity;5.7731737301983586;1261.4419629357517;2.320367068618614;1134.4537312876216;1.8222141360816613;1198.909629261179;7.532346483248611;981196.3319477281;FastReadTripDB (ID: B_letEAF41EeavvL8WcdoZSg);AlternativeExporter (ID: _K9EFUHXDEeauMPtoFodBVw);QuickBooking (ID: __VPcQOtlEd-m3_hR0FtH3Q);Server3 (ID: _vxqJwS6QEd-pNfzbJsur0g);Server1 (ID: _g7HJEC6MEd-Jla2o7wkBzQ);Server2 (ID: _h3wXgC6MEd-Jla2o7wkBzQ);Server2 (ID: _h3wXgC6MEd-Jla2o7wkBzQ);Server2 (ID: _h3wXgC6MEd-Jla2o7wkBzQ);1;160;
Infinity;5.06281464586913;1283.0871209573916;2.5038431094996945;735.8663529552057;5.076097378387963;1403.5123673605876;9.933368313510424;1900843.0332363234;FastWriteTripDB (ID: C_letEAF41EeavvL8WcdoZSg);AlternativeExporter (ID: _K9EFUHXDEeauMPtoFodBVw);QuickBooking (ID: __VPcQOtlEd-m3_hR0FtH3Q);Server2 (ID: _h3wXgC6MEd-Jla2o7wkBzQ);Server2 (ID: _h3wXgC6MEd-Jla2o7wkBzQ);DBServer (ID: _7jiyMV5LEeavvL8WcdoZSg);Server2 (ID: _h3wXgC6MEd-Jla2o7wkBzQ);Server2 (ID: _h3wXgC6MEd-Jla2o7wkBzQ);1;161;
Infinity;2.5577012112139395;625.3146102820599;2.899516782896514;1936.996796154283;2.948218332697685;1268.3612051499026;3.366264329755815;974575.7750432171;TripDB (ID: _letEAF41EeavvL8WcdoZSg);AlternativeExporter (ID: _K9EFUHXDEeauMPtoFodBVw);BookingSystem (ID: _ZZH7IC6IEd-Jla2o7wkBzQ);Server2 (ID: _h3wXgC6MEd-Jla2o7wkBzQ);Server3 (ID: _vxqJwS6QEd-pNfzbJsur0g);Server3 (ID: _vxqJwS6QEd-pNfzbJsur0g);Server2 (ID: _h3wXgC6MEd-Jla2o7wkBzQ);DBServer (ID: _7jiyMV5LEeavvL8WcdoZSg);1;162;
Infinity;7.7169517623099395;1976.8570531529783;2.5306794605727134;1200.2283172705716;1.501704280588389;1689.811376921474;5.468062278427137;1065251.3061758555;TripDB (ID: _letEAF41EeavvL8WcdoZSg);Exporter (ID: _QWlc0F_MEeahZew5WJ0QOQ);BookingSystem (ID: _ZZH7IC6IEd-Jla2o7wkBzQ);Server1 (ID: _g7HJEC6MEd-Jla2o7wkBzQ);Server1 (ID: _g7HJEC6MEd-Jla2o7wkBzQ);Server3 (ID: _vxqJwS6QEd-pNfzbJsur0g);Server2 (ID: _h3wXgC6MEd-Jla2o7wkBzQ);Server3 (ID: _vxqJwS6QEd-pNfzbJsur0g);1;163;
Infinity;2.92171088758535;594.4803604753077;4.966650202080926;901.0108956241999;4.057171082258025;806.7453907297172;7.58360168838158;576875.1571574133;FastWriteTripDB (ID: C_letEAF41EeavvL8WcdoZSg);Exporter (ID: _QWlc0F_MEeahZew5WJ0QOQ);QuickBooking (ID: __VPcQOtlEd-m3_hR0FtH3Q);Server1 (ID: _g7HJEC6MEd-Jla2o7wkBzQ);DBServer (ID: _7jiyMV5LEeavvL8WcdoZSg);DBServer (ID: _7jiyMV5LEeavvL8WcdoZSg);Server3 (ID: _vxqJwS6QEd-pNfzbJsur0g);Server1 (ID: _g7HJEC6MEd-Jla2o7wkBzQ);1;164;
Infinity;7.072479612734897;1638.3162848026052;5.759925294309498;709.74197930421;4.687000225200395;820.2150797051914;5.296668135927822;1807392.1633573922;FastReadTripDB (ID: B_letEAF41EeavvL8WcdoZSg);AlternativeExporter (ID: _K9EFUHXDEeauMPtoFodBVw);QuickBooking (ID: __VPcQOtlEd-m3_hR0FtH3Q);Server1 (ID: _g7HJEC6MEd-Jla2o7wkBzQ);Server2 (ID: _h3wXgC6MEd-Jla2o7wkBzQ);Server2 (ID: _h3wXgC6MEd-Jla2o7wkBzQ);DBServer (ID: _7jiyMV5LEeavvL8WcdoZSg);Server2 (ID: _h3wXgC6MEd-Jla2o7wkBzQ);1;165;
Infinity;3.455813242584274;719.9906073380845;3.4702812226694775;1187.4056377143102;4.467146338707636;1094.3409346387684;6.440639881298553;918763.6204714186;TripDB (ID: _letEAF41EeavvL8WcdoZSg);AlternativeExporter (ID: _K9EFUHXDEeauMPtoFodBVw);BookingSystem (ID: _ZZH7IC6IEd-Jla2o7wkBzQ);DBServer (ID: _7jiyMV5LEeavvL8WcdoZSg);Server3 (ID: _vxqJwS6QEd-pNfzbJsur0g);Server2 (ID: _h3wXgC6MEd-Jla2o7wkBzQ);Server2 (ID: _h3wXgC6MEd-Jla2o7wkBzQ);DBServer (ID: _7jiyMV5LEeavvL8WcdoZSg);1;166;
Infinity;3.416933710284697;1044.82916250992;2.1415880498044015;1516.2591791511386;3.6407468691552074;1950.3447322704142;2.874369346935848;991022.0048913348;FastReadTripDB (ID: B_letEAF41EeavvL8WcdoZSg);Exporter (ID: _QWlc0F_MEeahZew5WJ0QOQ);QuickBooking (ID: __VPcQOtlEd-m3_hR0FtH3Q);Server1 (ID: _g7HJEC6MEd-Jla2o7wkBzQ);DBServer (ID: _7jiyMV5LEeavvL8WcdoZSg);DBServer (ID: _7jiyMV5LEeavvL8WcdoZSg);Server2 (ID: _h3wXgC6MEd-Jla2o7wkBzQ);Server2 (ID: _h3wXgC6MEd-Jla2o7wkBzQ);1;167;
Infinity;6.465194154905145;1418.2851538350674;4.162993474699743;832.4384650970867;5.919103721025476;1891.0508013096562;3.5865875849445215;1686460.8034309894;TripDB (ID: _letEAF41EeavvL8WcdoZSg);AlternativeExporter (ID: _K9EFUHXDEeauMPtoFodBVw);BookingSystem (ID: _ZZH7IC6IEd-Jla2o7wkBzQ);DBServer (ID: _7jiyMV5LEeavvL8WcdoZSg);Server3 (ID: _vxqJwS6QEd-pNfzbJsur0g);Server3 (ID: _vxqJwS6QEd-pNfzbJsur0g);DBServer (ID: _7jiyMV5LEeavvL8WcdoZSg);Server1 (ID: _g7HJEC6MEd-Jla2o7wkBzQ);1;168;
Infinity;2.498572567007785;589.7649016060449;2.8282203508086385;1371.8393162117131;4.375667658258038;1027.1027453429183;9.537763489001485;603560.3725307335;FastWriteTripDB (ID: C_letEAF41EeavvL8WcdoZSg);AlternativeExporter (ID: _K9EFUHXDEeauMPtoFodBVw);QuickBooking (ID: __VPcQOtlEd-m3_hR0FtH3Q);Server1 (ID: _g7HJEC6MEd-Jla2o7wkBzQ);Server1 (ID: _g7HJEC6MEd-Jla2o7wkBzQ);Server3 (ID: _vxqJwS6QEd-pNfzbJsur0g);Server2 (ID: _h3wXgC6MEd-Jla2o7wkBzQ);Server1 (ID: _g7HJEC6MEd-Jla2o7wkBzQ);1;169;
Infinity;2.6087132203140126;1674.5561145928505;5.536768669434857;1338.9037757415326;5.320348065371078;678.5718841789449;3.354831118254213;1482609.3256137222;FastWriteTripDB (ID: C_letEAF41EeavvL8WcdoZSg);Exporter (ID: _QWlc0F_MEeahZew5WJ0QOQ);QuickBooking (ID: __VPcQOtlEd-m3_hR0FtH3Q);Server3 (ID: _vxqJwS6QEd-pNfzbJsur0g);DBServer (ID: _7jiyMV5LEeavvL8WcdoZSg);Server3 (ID: _vxqJwS6QEd-pNfzbJsur0g);DBServer (ID: _7jiyMV5LEeavvL8WcdoZSg);Server2 (ID: _h3wXgC6MEd-Jla2o7wkBzQ);1;170;
Infinity;6.827742357889045;1661.7730792439822;5.532190499027115;794.8826962455018;5.085583935071693;1341.7145256507479;5.838457631195245;511803.96403424954;TripDB (ID: _letEAF41EeavvL8WcdoZSg);AlternativeExporter (ID: _K9EFUHXDEeauMPtoFodBVw);QuickBooking (ID: __VPcQOtlEd-m3_hR0FtH3Q);Server1 (ID: _g7HJEC6MEd-Jla2o7wkBzQ);Server1 (ID: _g7HJEC6MEd-Jla2o7wkBzQ);Server3 (ID: _vxqJwS6QEd-pNfzbJsur0g);Server3 (ID: _vxqJwS6QEd-pNfzbJsur0g);DBServer (ID: _7jiyMV5LEeavvL8WcdoZSg);1;171;
Infinity;7.357885333410022;1294.4054523030504;2.722537375714323;978.4018784702736;3.976259310435686;1147.4160559502332;3.5845756650735616;615251.624621228;FastWriteTripDB (ID: C_letEAF41EeavvL8WcdoZSg);AlternativeExporter (ID: _K9EFUHXDEeauMPtoFodBVw);BookingSystem (ID: _ZZH7IC6IEd-Jla2o7wkBzQ);DBServer (ID: _7jiyMV5LEeavvL8WcdoZSg);Server1 (ID: _g7HJEC6MEd-Jla2o7wkBzQ);Server2 (ID: _h3wXgC6MEd-Jla2o7wkBzQ);DBServer (ID: _7jiyMV5LEeavvL8WcdoZSg);Server3 (ID: _vxqJwS6QEd-pNfzbJsur0g);1;172;
Infinity;2.908336280913497;1848.1900042793359;5.637298389683402;547.0407499571969;5.620384413220663;1893.0380139487916;8.66842218264918;1739120.604281884;TripDB (ID: _letEAF41EeavvL8WcdoZSg);Exporter (ID: _QWlc0F_MEeahZew5WJ0QOQ);QuickBooking (ID: __VPcQOtlEd-m3_hR0FtH3Q);Server3 (ID: _vxqJwS6QEd-pNfzbJsur0g);Server3 (ID: _vxqJwS6QEd-pNfzbJsur0g);Server1 (ID: _g7HJEC6MEd-Jla2o7wkBzQ);DBServer (ID: _7jiyMV5LEeavvL8WcdoZSg);Server1 (ID: _g7HJEC6MEd-Jla2o7wkBzQ);1;173;
Infinity;7.466085013831105;626.9275586172607;2.429997103957508;544.7368906968652;4.352112991374976;1921.5264875669984;8.91181111008014;1434479.5967535651;FastReadTripDB (ID: B_letEAF41EeavvL8WcdoZSg);Exporter (ID: _QWlc0F_MEeahZew5WJ0QOQ);QuickBooking (ID: __VPcQOtlEd-m3_hR0FtH3Q);Server1 (ID: _g7HJEC6MEd-Jla2o7wkBzQ);DBServer (ID: _7jiyMV5LEeavvL8WcdoZSg);Server2 (ID: _h3wXgC6MEd-Jla2o7wkBzQ);Server2 (ID: _h3wXgC6MEd-Jla2o7wkBzQ);Server1 (ID: _g7HJEC6MEd-Jla2o7wkBzQ);1;174;
Infinity;8.98404680961669;1646.4021958674853;5.932311820299897;738.0912369440737;1.6993766703110427;1500.8309399367358;2.816932061525516;1077049.5073502138;FastWriteTripDB (ID: C_letEAF41EeavvL8WcdoZSg);Exporter (ID: _QWlc0F_MEeahZew5WJ0QOQ);BookingSystem (ID: _ZZH7IC6IEd-Jla2o7wkBzQ);Server1 (ID: _g7HJEC6MEd-Jla2o7wkBzQ);Server3 (ID: _vxqJwS6QEd-pNfzbJsur0g);Server3 (ID: _vxqJwS6QEd-pNfzbJsur0g);DBServer (ID: _7jiyMV5LEeavvL8WcdoZSg);Server1 (ID: _g7HJEC6MEd-Jla2o7wkBzQ);1;175;
Infinity;3.059659207416742;1210.6601440432732;4.903548904996559;1934.372635595513;4.079184078784868;1362.7239062486124;2.5137492699994075;1071720.5923793383;FastReadTripDB (ID: B_letEAF41EeavvL8WcdoZSg);AlternativeExporter (ID: _K9EFUHXDEeauMPtoFodBVw);BookingSystem (ID: _ZZH7IC6IEd-Jla2o7wkBzQ);Server1 (ID: _g7HJEC6MEd-Jla2o7wkBzQ);Server2 (ID: _h3wXgC6MEd-Jla2o7wkBzQ);Server1 (ID: _g7HJEC6MEd-Jla2o7wkBzQ);Server2 (ID: _h3wXgC6MEd-Jla2o7wkBzQ);Server2 (ID: _h3wXgC6MEd-Jla2o7wkBzQ);1;176;
Infinity;3.300009966837009;1803.3120118617844;3.3136694378071567;743.3974314932381;3.271990956489921;1799.9490488772435;2.968203329865396;997393.8237131117;FastReadTripDB (ID: B_letEAF41EeavvL8WcdoZSg);Exporter (ID: _QWlc0F_MEeahZew5WJ0QOQ);BookingSystem (ID: _ZZH7IC6IEd-Jla2o7wkBzQ);Server2 (ID: _h3wXgC6MEd-Jla2o7wkBzQ);Server3 (ID: _vxqJwS6QEd-pNfzbJsur0g);DBServer (ID: _7jiyMV5LEeavvL8WcdoZSg);DBServer (ID: _7jiyMV5LEeavvL8WcdoZSg);DBServer (ID: _7jiyMV5LEeavvL8WcdoZSg);1;177;
Infinity;8.182025605623103;1462.1790126564333;2.603585076069773;681.5848560207005;3.4961346712348487;708.906940498128;5.750793661890523;1340359.2696922345;FastWriteTripDB (ID: C_letEAF41EeavvL8WcdoZSg);Exporter (ID: _QWlc0F_MEeahZew5WJ0QOQ);QuickBooking (ID: __VPcQOtlEd-m3_hR0FtH3Q);Server1 (ID: _g7HJEC6MEd-Jla2o7wkBzQ);DBServer (ID: _7jiyMV5LEeavvL8WcdoZSg);Server1 (ID: _g7HJEC6MEd-Jla2o7wkBzQ);Server3 (ID: _vxqJwS6QEd-pNfzbJsur0g);Server1 (ID: _g7HJEC6MEd-Jla2o7wkBzQ);1;178;
Infinity;3.130594710856597;1758.042423843006;5.451634801235948;1526.7151216973548;4.789430998501693;643.4283565218805;8.552461815006522;916763.2592356981;FastReadTripDB (ID: B_letEAF41EeavvL8WcdoZSg);AlternativeExporter (ID: _K9EFUHXDEeauMPtoFodBVw);QuickBooking (ID: __VPcQOtlEd-m3_hR0FtH3Q);Server3 (ID: _vxqJwS6QEd-pNfzbJsur0g);Server2 (ID: _h3wXgC6MEd-Jla2o7wkBzQ);Server1 (ID: _g7HJEC6MEd-Jla2o7wkBzQ);Server1 (ID: _g7HJEC6MEd-Jla2o7wkBzQ);DBServer (ID: _7jiyMV5LEeavvL8WcdoZSg);1;179;
Infinity;8.866745767790182;1931.0224442325023;3.8882919068294277;1202.3940493708037;4.003865643641655;1053.870903391905;7.7391733153220885;1918320.1177663307;FastReadTripDB (ID: B_letEAF41EeavvL8WcdoZSg);AlternativeExporter (ID: _K9EFUHXDEeauMPtoFodBVw);BookingSystem (ID: _ZZH7IC6IEd-Jla2o7wkBzQ);Server3 (ID: _vxqJwS6QEd-pNfzbJsur0g);Server3 (ID: _vxqJwS6QEd-pNfzbJsur0g);DBServer (ID: _7jiyMV5LEeavvL8WcdoZSg);Server1 (ID: _g7HJEC6MEd-Jla2o7wkBzQ);Server1 (ID: _g7HJEC6MEd-Jla2o7wkBzQ);1;180;
Infinity;8.478343877388221;1671.2381664607856;5.486344388575224;971.1410055801875;5.94361337961443;1157.5511725684564;7.9404842141055525;1148729.383316951;TripDB (ID: _letEAF41EeavvL8WcdoZSg);AlternativeExporter (ID: _K9EFUHXDEeauMPtoFodBVw);QuickBooking (ID: __VPcQOtlEd-m3_hR0FtH3Q);Server1 (ID: _g7HJEC6MEd-Jla2o7wkBzQ);Server1 (ID: _g7HJEC6MEd-Jla2o7wkBzQ);Server3 (ID: _vxqJwS6QEd-pNfzbJsur0g);Server3 (ID: _vxqJwS6QEd-pNfzbJsur0g);DBServer (ID: _7jiyMV5LEeavvL8WcdoZSg);1;181;
Infinity;6.729029522411423;1332.558605297177;5.120563793272966;930.0975879006464;3.6629113158595863;1155.0252502236726;3.7224194460112203;1531040.03167875;FastWriteTripDB (ID: C_letEAF41EeavvL8WcdoZSg);Exporter (ID: _QWlc0F_MEeahZew5WJ0QOQ);BookingSystem (ID: _ZZH7IC6IEd-Jla2o7wkBzQ);Server1 (ID: _g7HJEC6MEd-Jla2o7wkBzQ);DBServer (ID: _7jiyMV5LEeavvL8WcdoZSg);Server2 (ID: _h3wXgC6MEd-Jla2o7wkBzQ);Server3 (ID: _vxqJwS6QEd-pNfzbJsur0g);Server2 (ID: _h3wXgC6MEd-Jla2o7wkBzQ);1;182;
Infinity;6.756660416043407;975.4453936378001;2.8090954750615333;500.1688754604763;5.4064141884528;1763.3819601714044;5.109745115287323;1184474.3768688869;FastWriteTripDB (ID: C_letEAF41EeavvL8WcdoZSg);Exporter (ID: _QWlc0F_MEeahZew5WJ0QOQ);QuickBooking (ID: __VPcQOtlEd-m3_hR0FtH3Q);DBServer (ID: _7jiyMV5LEeavvL8WcdoZSg);Server2 (ID: _h3wXgC6MEd-Jla2o7wkBzQ);DBServer (ID: _7jiyMV5LEeavvL8WcdoZSg);Server1 (ID: _g7HJEC6MEd-Jla2o7wkBzQ);Server1 (ID: _g7HJEC6MEd-Jla2o7wkBzQ);1;183;
Infinity;8.814120070530551;1972.2246612572844;5.184487589662099;1176.9807822312157;4.590572219274955;1924.0584481839119;2.538257090821557;1826844.5793078775;FastWriteTripDB (ID: C_letEAF41EeavvL8WcdoZSg);AlternativeExporter (ID: _K9EFUHXDEeauMPtoFodBVw);QuickBooking (ID: __VPcQOtlEd-m3_hR0FtH3Q);Server3 (ID: _vxqJwS6QEd-pNfzbJsur0g);Server2 (ID: _h3wXgC6MEd-Jla2o7wkBzQ);DBServer (ID: _7jiyMV5LEeavvL8WcdoZSg);Server1 (ID: _g7HJEC6MEd-Jla2o7wkBzQ);Server3 (ID: _vxqJwS6QEd-pNfzbJsur0g);1;184;
Infinity;5.321189515869385;1962.6354797786182;3.845038701782794;1626.9311460615174;2.567496398046333;1688.9084176701724;3.9760759345346424;826186.6745115563;TripDB (ID: _letEAF41EeavvL8WcdoZSg);AlternativeExporter (ID: _K9EFUHXDEeauMPtoFodBVw);QuickBooking (ID: __VPcQOtlEd-m3_hR0FtH3Q);Server1 (ID: _g7HJEC6MEd-Jla2o7wkBzQ);DBServer (ID: _7jiyMV5LEeavvL8WcdoZSg);Server2 (ID: _h3wXgC6MEd-Jla2o7wkBzQ);DBServer (ID: _7jiyMV5LEeavvL8WcdoZSg);DBServer (ID: _7jiyMV5LEeavvL8WcdoZSg);1;185;
Infinity;8.927107899467764;1461.5317265614908;3.107952263380465;1066.3001364008842;5.447446018524204;644.3315187445548;6.536767922989335;501005.9042172816;TripDB (ID: _letEAF41EeavvL8WcdoZSg);Exporter (ID: _QWlc0F_MEeahZew5WJ0QOQ);QuickBooking (ID: __VPcQOtlEd-m3_hR0FtH3Q);Server2 (ID: _h3wXgC6MEd-Jla2o7wkBzQ);Server2 (ID: _h3wXgC6MEd-Jla2o7wkBzQ);DBServer (ID: _7jiyMV5LEeavvL8WcdoZSg);Server2 (ID: _h3wXgC6MEd-Jla2o7wkBzQ);Server3 (ID: _vxqJwS6QEd-pNfzbJsur0g);1;186;
Infinity;4.619279072571318;1032.6670315237866;5.531252801400983;646.0174204033681;1.6330385939602137;929.0779283235522;9.039464080936757;1521924.3354115454;FastReadTripDB (ID: B_letEAF41EeavvL8WcdoZSg);AlternativeExporter (ID: _K9EFUHXDEeauMPtoFodBVw);BookingSystem (ID: _ZZH7IC6IEd-Jla2o7wkBzQ);DBServer (ID: _7jiyMV5LEeavvL8WcdoZSg);Server1 (ID: _g7HJEC6MEd-Jla2o7wkBzQ);Server3 (ID: _vxqJwS6QEd-pNfzbJsur0g);DBServer (ID: _7jiyMV5LEeavvL8WcdoZSg);Server2 (ID: _h3wXgC6MEd-Jla2o7wkBzQ);1;187;
Infinity;6.219287931764041;820.7091732810104;3.6459330156910683;1123.7529490673153;4.0891490923388565;1445.3302564673218;4.391057283634772;1120421.37438221;TripDB (ID: _letEAF41EeavvL8WcdoZSg);Exporter (ID: _QWlc0F_MEeahZew5WJ0QOQ);QuickBooking (ID: __VPcQOtlEd-m3_hR0FtH3Q);Server3 (ID: _vxqJwS6QEd-pNfzbJsur0g);Server3 (ID: _vxqJwS6QEd-pNfzbJsur0g);Server2 (ID: _h3wXgC6MEd-Jla2o7wkBzQ);Server3 (ID: _vxqJwS6QEd-pNfzbJsur0g);Server1 (ID: _g7HJEC6MEd-Jla2o7wkBzQ);1;188;
Infinity;4.142157773240262;1255.6612635899855;3.8437120490492362;1645.3769911436086;3.1679113578845635;1407.606512581824;5.254390762671212;1845165.6520573532;FastReadTripDB (ID: B_letEAF41EeavvL8WcdoZSg);AlternativeExporter (ID: _K9EFUHXDEeauMPtoFodBVw);BookingSystem (ID: _ZZH7IC6IEd-Jla2o7wkBzQ);Server3 (ID: _vxqJwS6QEd-pNfzbJsur0g);Server2 (ID: _h3wXgC6MEd-Jla2o7wkBzQ);Server2 (ID: _h3wXgC6MEd-Jla2o7wkBzQ);Server1 (ID: _g7HJEC6MEd-Jla2o7wkBzQ);Server2 (ID: _h3wXgC6MEd-Jla2o7wkBzQ);1;189;
Infinity;3.8408028346979695;1450.5189446811555;4.674860653895253;1953.337480105526;3.2266071086052963;1204.160682601832;7.604227569057715;867292.0012780696;TripDB (ID: _letEAF41EeavvL8WcdoZSg);AlternativeExporter (ID: _K9EFUHXDEeauMPtoFodBVw);QuickBooking (ID: __VPcQOtlEd-m3_hR0FtH3Q);Server2 (ID: _h3wXgC6MEd-Jla2o7wkBzQ);Server3 (ID: _vxqJwS6QEd-pNfzbJsur0g);Server3 (ID: _vxqJwS6QEd-pNfzbJsur0g);Server1 (ID: _g7HJEC6MEd-Jla2o7wkBzQ);Server2 (ID: _h3wXgC6MEd-Jla2o7wkBzQ);1;190;
Infinity;5.2718854493645555;580.0393535393387;3.7576651573621307;765.7394354078949;5.309640708469077;1890.656323397978;2.563528894590957;1924082.7044697946;FastWriteTripDB (ID: C_letEAF41EeavvL8WcdoZSg);Exporter (ID: _QWlc0F_MEeahZew5WJ0QOQ);QuickBooking (ID: __VPcQOtlEd-m3_hR0FtH3Q);Server2 (ID: _h3wXgC6MEd-Jla2o7wkBzQ);Server3 (ID: _vxqJwS6QEd-pNfzbJsur0g);Server2 (ID: _h3wXgC6MEd-Jla2o7wkBzQ);Server3 (ID: _vxqJwS6QEd-pNfzbJsur0g);Server1 (ID: _g7HJEC6MEd-Jla2o7wkBzQ);1;191;
Infinity;4.441748028152496;962.3757721454951;3.5927372080317643;1375.5110902408528;4.493294428256844;793.044797519884;4.137237277567604;1433678.3984483134;FastReadTripDB (ID: B_letEAF41EeavvL8WcdoZSg);Exporter (ID: _QWlc0F_MEeahZew5WJ0QOQ);QuickBooking (ID: __VPcQOtlEd-m3_hR0FtH3Q);Server1 (ID: _g7HJEC6MEd-Jla2o7wkBzQ);Server2 (ID: _h3wXgC6MEd-Jla2o7wkBzQ);Server3 (ID: _vxqJwS6QEd-pNfzbJsur0g);Server2 (ID: _h3wXgC6MEd-Jla2o7wkBzQ);DBServer (ID: _7jiyMV5LEeavvL8WcdoZSg);1;192;
Infinity;7.0105397807913175;764.7065505368982;3.2871206499403036;1138.6072808742365;2.6925170104168696;1182.5570912836197;3.5962178078360205;1307509.4063622656;FastWriteTripDB (ID: C_letEAF41EeavvL8WcdoZSg);AlternativeExporter (ID: _K9EFUHXDEeauMPtoFodBVw);BookingSystem (ID: _ZZH7IC6IEd-Jla2o7wkBzQ);DBServer (ID: _7jiyMV5LEeavvL8WcdoZSg);Server2 (ID: _h3wXgC6MEd-Jla2o7wkBzQ);DBServer (ID: _7jiyMV5LEeavvL8WcdoZSg);DBServer (ID: _7jiyMV5LEeavvL8WcdoZSg);Server3 (ID: _vxqJwS6QEd-pNfzbJsur0g);1;193;
Infinity;4.211034839134404;1535.2115072603192;5.878178550623668;1319.990427049198;2.911254160446092;958.9378216983233;8.263629133657867;753872.4166253551;TripDB (ID: _letEAF41EeavvL8WcdoZSg);AlternativeExporter (ID: _K9EFUHXDEeauMPtoFodBVw);BookingSystem (ID: _ZZH7IC6IEd-Jla2o7wkBzQ);Server3 (ID: _vxqJwS6QEd-pNfzbJsur0g);Server3 (ID: _vxqJwS6QEd-pNfzbJsur0g);DBServer (ID: _7jiyMV5LEeavvL8WcdoZSg);Server2 (ID: _h3wXgC6MEd-Jla2o7wkBzQ);DBServer (ID: _7jiyMV5LEeavvL8WcdoZSg);1;194;
Infinity;4.968766512361274;698.0191022243478;2.5290268581078905;1029.8526878774464;3.6868900407525875;1908.5538387337813;3.9710435557521118;1122014.343827329;FastWriteTripDB (ID: C_letEAF41EeavvL8WcdoZSg);AlternativeExporter (ID: _K9EFUHXDEeauMPtoFodBVw);QuickBooking (ID: __VPcQOtlEd-m3_hR0FtH3Q);Server1 (ID: _g7HJEC6MEd-Jla2o7wkBzQ);Server3 (ID: _vxqJwS6QEd-pNfzbJsur0g);Server1 (ID: _g7HJEC6MEd-Jla2o7wkBzQ);Server3 (ID: _vxqJwS6QEd-pNfzbJsur0g);Server1 (ID: _g7HJEC6MEd-Jla2o7wkBzQ);1;195;
Infinity;2.8222336185880783;606.0968093829672;4.15444292564985;1999.0449850432349;5.186885997559735;1541.6789197138419;9.945725751812844;1682459.6291166567;FastReadTripDB (ID: B_letEAF41EeavvL8WcdoZSg);Exporter (ID: _QWlc0F_MEeahZew5WJ0QOQ);BookingSystem (ID: _ZZH7IC6IEd-Jla2o7wkBzQ);Server3 (ID: _vxqJwS6QEd-pNfzbJsur0g);Server2 (ID: _h3wXgC6MEd-Jla2o7wkBzQ);Server3 (ID: _vxqJwS6QEd-pNfzbJsur0g);Server1 (ID: _g7HJEC6MEd-Jla2o7wkBzQ);DBServer (ID: _7jiyMV5LEeavvL8WcdoZSg);1;196;
Infinity;3.0108381603451377;1223.7766672968037;3.051924952234665;1060.9766395492961;1.6653090309441048;1890.8211133883146;6.188552756715358;1839722.2314937226;TripDB (ID: _letEAF41EeavvL8WcdoZSg);AlternativeExporter (ID: _K9EFUHXDEeauMPtoFodBVw);QuickBooking (ID: __VPcQOtlEd-m3_hR0FtH3Q);Server1 (ID: _g7HJEC6MEd-Jla2o7wkBzQ);Server1 (ID: _g7HJEC6MEd-Jla2o7wkBzQ);Server1 (ID: _g7HJEC6MEd-Jla2o7wkBzQ);Server1 (ID: _g7HJEC6MEd-Jla2o7wkBzQ);Server3 (ID: _vxqJwS6QEd-pNfzbJsur0g);1;197;
Infinity;8.713461079414888;780.865417336588;4.240987254312606;1641.5246690558852;5.526161295713448;1794.2307594810443;2.9278972098619422;980139.8515234136;FastWriteTripDB (ID: C_letEAF41EeavvL8WcdoZSg);AlternativeExporter (ID: _K9EFUHXDEeauMPtoFodBVw);QuickBooking (ID: __VPcQOtlEd-m3_hR0FtH3Q);Server3 (ID: _vxqJwS6QEd-pNfzbJsur0g);Server2 (ID: _h3wXgC6MEd-Jla2o7wkBzQ);Server3 (ID: _vxqJwS6QEd-pNfzbJsur0g);DBServer (ID: _7jiyMV5LEeavvL8WcdoZSg);Server1 (ID: _g7HJEC6MEd-Jla2o7wkBzQ);1;198;
Infinity;5.455169732476292;1896.3416339578225;2.0779509502222497;1003.313274592811;1.6584591043192878;1149.6084924916577;9.914264218778943;614708.832136598;FastReadTripDB (ID: B_letEAF41EeavvL8WcdoZSg);AlternativeExporter (ID: _K9EFUHXDEeauMPtoFodBVw);BookingSystem (ID: _ZZH7IC6IEd-Jla2o7wkBzQ);DBServer (ID: _7jiyMV5LEeavvL8WcdoZSg);DBServer (ID: _7jiyMV5LEeavvL8WcdoZSg);Server3 (ID: _vxqJwS6QEd-pNfzbJsur0g);Server3 (ID: _vxqJwS6QEd-pNfzbJsur0g);DBServer (ID: _7jiyMV5LEeavvL8WcdoZSg);1;199;
Infinity;3.133495168973064;1715.8805226675076;3.551360366595634;1797.6530719103007;4.645395560659941;1604.31577830997;9.708369847982599;1413125.1727347337;FastWriteTripDB (ID: C_letEAF41EeavvL8WcdoZSg);Exporter (ID: _QWlc0F_MEeahZew5WJ0QOQ);QuickBooking (ID: __VPcQOtlEd-m3_hR0FtH3Q);Server3 (ID: _vxqJwS6QEd-pNfzbJsur0g);Server1 (ID: _g7HJEC6MEd-Jla2o7wkBzQ);Server3 (ID: _vxqJwS6QEd-pNfzbJsur0g);Server1 (ID: _g7HJEC6MEd-Jla2o7wkBzQ);DBServer (ID: _7jiyMV5LEeavvL8WcdoZSg);1;250;
Infinity;2.885120099546736;1479.460902868072;5.831204610214846;1244.708877806383;5.092022711791055;1329.3393507252158;3.011792340578242;1768620.8589724526;FastReadTripDB (ID: B_letEAF41EeavvL8WcdoZSg);AlternativeExporter (ID: _K9EFUHXDEeauMPtoFodBVw);QuickBooking (ID: __VPcQOtlEd-m3_hR0FtH3Q);Server3 (ID: _vxqJwS6QEd-pNfzbJsur0g);Server3 (ID: _vxqJwS6QEd-pNfzbJsur0g);Server2 (ID: _h3wXgC6MEd-Jla2o7wkBzQ);Server1 (ID: _g7HJEC6MEd-Jla2o7wkBzQ);DBServer (ID: _7jiyMV5LEeavvL8WcdoZSg);1;251;
Infinity;4.726539966074333;790.8184481121503;2.161327282377674;1801.204421762651;3.1223186821100697;1048.0701851572262;4.523566716752293;1894111.4850197227;FastWriteTripDB (ID: C_letEAF41EeavvL8WcdoZSg);AlternativeExporter (ID: _K9EFUHXDEeauMPtoFodBVw);BookingSystem (ID: _ZZH7IC6IEd-Jla2o7wkBzQ);Server3 (ID: _vxqJwS6QEd-pNfzbJsur0g);Server3 (ID: _vxqJwS6QEd-pNfzbJsur0g);Server1 (ID: _g7HJEC6MEd-Jla2o7wkBzQ);Server2 (ID: _h3wXgC6MEd-Jla2o7wkBzQ);Server3 (ID: _vxqJwS6QEd-pNfzbJsur0g);1;252;
Infinity;6.25545093187416;1738.5526313449973;4.246037474697507;723.6121777936578;4.788639959884019;714.5298740682672;8.549609030003701;1316415.8487224686;FastReadTripDB (ID: B_letEAF41EeavvL8WcdoZSg);AlternativeExporter (ID: _K9EFUHXDEeauMPtoFodBVw);QuickBooking (ID: __VPcQOtlEd-m3_hR0FtH3Q);DBServer (ID: _7jiyMV5LEeavvL8WcdoZSg);Server1 (ID: _g7HJEC6MEd-Jla2o7wkBzQ);DBServer (ID: _7jiyMV5LEeavvL8WcdoZSg);Server3 (ID: _vxqJwS6QEd-pNfzbJsur0g);DBServer (ID: _7jiyMV5LEeavvL8WcdoZSg);1;253;
Infinity;7.886617072106022;1599.975623685206;5.668891646152942;1894.1929318707407;1.778280204392282;1631.3767813506458;7.936099292443603;1630911.8730066374;FastWriteTripDB (ID: C_letEAF41EeavvL8WcdoZSg);Exporter (ID: _QWlc0F_MEeahZew5WJ0QOQ);BookingSystem (ID: _ZZH7IC6IEd-Jla2o7wkBzQ);Server2 (ID: _h3wXgC6MEd-Jla2o7wkBzQ);Server3 (ID: _vxqJwS6QEd-pNfzbJsur0g);Server2 (ID: _h3wXgC6MEd-Jla2o7wkBzQ);DBServer (ID: _7jiyMV5LEeavvL8WcdoZSg);Server2 (ID: _h3wXgC6MEd-Jla2o7wkBzQ);1;254;
Infinity;7.391564836738611;1420.252610528547;4.609110819020575;1702.905590957397;3.3097639937109102;1159.7884219048615;9.180004004613338;794843.9653379412;FastReadTripDB (ID: B_letEAF41EeavvL8WcdoZSg);AlternativeExporter (ID: _K9EFUHXDEeauMPtoFodBVw);QuickBooking (ID: __VPcQOtlEd-m3_hR0FtH3Q);Server1 (ID: _g7HJEC6MEd-Jla2o7wkBzQ);Server1 (ID: _g7HJEC6MEd-Jla2o7wkBzQ);DBServer (ID: _7jiyMV5LEeavvL8WcdoZSg);Server3 (ID: _vxqJwS6QEd-pNfzbJsur0g);Server3 (ID: _vxqJwS6QEd-pNfzbJsur0g);1;255;
Infinity;7.349945358783161;1193.6121688351936;3.191774531588108;1919.6077228795366;3.43808657255061;1282.7117263554137;2.5227280171328865;1236411.7137243547;FastWriteTripDB (ID: C_letEAF41EeavvL8WcdoZSg);Exporter (ID: _QWlc0F_MEeahZew5WJ0QOQ);BookingSystem (ID: _ZZH7IC6IEd-Jla2o7wkBzQ);DBServer (ID: _7jiyMV5LEeavvL8WcdoZSg);Server2 (ID: _h3wXgC6MEd-Jla2o7wkBzQ);Server1 (ID: _g7HJEC6MEd-Jla2o7wkBzQ);Server1 (ID: _g7HJEC6MEd-Jla2o7wkBzQ);Server3 (ID: _vxqJwS6QEd-pNfzbJsur0g);1;256;
Infinity;8.623395577549184;1267.9210144161327;2.4315284578654683;904.2381564654588;5.880469112911361;1019.4591997870245;2.556201099214305;1382660.5370614817;FastWriteTripDB (ID: C_letEAF41EeavvL8WcdoZSg);AlternativeExporter (ID: _K9EFUHXDEeauMPtoFodBVw);QuickBooking (ID: __VPcQOtlEd-m3_hR0FtH3Q);Server2 (ID: _h3wXgC6MEd-Jla2o7wkBzQ);Server1 (ID: _g7HJEC6MEd-Jla2o7wkBzQ);Server2 (ID: _h3wXgC6MEd-Jla2o7wkBzQ);DBServer (ID: _7jiyMV5LEeavvL8WcdoZSg);Server3 (ID: _vxqJwS6QEd-pNfzbJsur0g);1;257;
Infinity;6.672138070365129;1085.6882229136254;4.697426601069541;1120.9793950425915;5.565245698845795;772.0438545771324;9.332948987851001;1817416.946737066;FastReadTripDB (ID: B_letEAF41EeavvL8WcdoZSg);AlternativeExporter (ID: _K9EFUHXDEeauMPtoFodBVw);BookingSystem (ID: _ZZH7IC6IEd-Jla2o7wkBzQ);Server3 (ID: _vxqJwS6QEd-pNfzbJsur0g);DBServer (ID: _7jiyMV5LEeavvL8WcdoZSg);DBServer (ID: _7jiyMV5LEeavvL8WcdoZSg);DBServer (ID: _7jiyMV5LEeavvL8WcdoZSg);Server1 (ID: _g7HJEC6MEd-Jla2o7wkBzQ);1;258;
Infinity;5.273999405356044;518.4842620234361;2.854532903267375;1568.0868235694054;5.024466867948082;1868.3289762946802;5.4839718140076235;823765.163429274;FastReadTripDB (ID: B_letEAF41EeavvL8WcdoZSg);AlternativeExporter (ID: _K9EFUHXDEeauMPtoFodBVw);BookingSystem (ID: _ZZH7IC6IEd-Jla2o7wkBzQ);Server2 (ID: _h3wXgC6MEd-Jla2o7wkBzQ);DBServer (ID: _7jiyMV5LEeavvL8WcdoZSg);Server1 (ID: _g7HJEC6MEd-Jla2o7wkBzQ);Server1 (ID: _g7HJEC6MEd-Jla2o7wkBzQ);Server2 (ID: _h3wXgC6MEd-Jla2o7wkBzQ);1;259;
Infinity;7.017006798459612;1746.4342309678534;1.9676759263527932;592.067352740935;4.444980542568248;1169.2681502010896;6.922440668976789;1520056.4876218215;TripDB (ID: _letEAF41EeavvL8WcdoZSg);Exporter (ID: _QWlc0F_MEeahZew5WJ0QOQ);QuickBooking (ID: __VPcQOtlEd-m3_hR0FtH3Q);Server3 (ID: _vxqJwS6QEd-pNfzbJsur0g);Server1 (ID: _g7HJEC6MEd-Jla2o7wkBzQ);Server1 (ID: _g7HJEC6MEd-Jla2o7wkBzQ);Server3 (ID: _vxqJwS6QEd-pNfzbJsur0g);DBServer (ID: _7jiyMV5LEeavvL8WcdoZSg);1;260;
Infinity;8.551976748260394;1642.4408146975843;5.435777417352952;1787.3317993698288;4.311817130529805;1506.4904021550983;8.457607061570162;1842489.983920264;FastReadTripDB (ID: B_letEAF41EeavvL8WcdoZSg);AlternativeExporter (ID: _K9EFUHXDEeauMPtoFodBVw);BookingSystem (ID: _ZZH7IC6IEd-Jla2o7wkBzQ);Server2 (ID: _h3wXgC6MEd-Jla2o7wkBzQ);Server2 (ID: _h3wXgC6MEd-Jla2o7wkBzQ);Server3 (ID: _vxqJwS6QEd-pNfzbJsur0g);Server2 (ID: _h3wXgC6MEd-Jla2o7wkBzQ);Server1 (ID: _g7HJEC6MEd-Jla2o7wkBzQ);1;261;
Infinity;5.251253342505975;632.2193328132186;2.2953153482177493;1882.9313044076837;5.614510218440308;1037.2583547759818;5.95704976903354;942808.0058823151;FastReadTripDB (ID: B_letEAF41EeavvL8WcdoZSg);Exporter (ID: _QWlc0F_MEeahZew5WJ0QOQ);QuickBooking (ID: __VPcQOtlEd-m3_hR0FtH3Q);DBServer (ID: _7jiyMV5LEeavvL8WcdoZSg);DBServer (ID: _7jiyMV5LEeavvL8WcdoZSg);DBServer (ID: _7jiyMV5LEeavvL8WcdoZSg);Server1 (ID: _g7HJEC6MEd-Jla2o7wkBzQ);Server2 (ID: _h3wXgC6MEd-Jla2o7wkBzQ);1;262;
Infinity;8.551664002030948;1320.0403585436666;3.3043170691358332;1411.1680214684566;2.296848855353823;884.8522689502844;5.268243388840327;647745.6541351224;TripDB (ID: _letEAF41EeavvL8WcdoZSg);AlternativeExporter (ID: _K9EFUHXDEeauMPtoFodBVw);BookingSystem (ID: _ZZH7IC6IEd-Jla2o7wkBzQ);Server2 (ID: _h3wXgC6MEd-Jla2o7wkBzQ);Server3 (ID: _vxqJwS6QEd-pNfzbJsur0g);Server2 (ID: _h3wXgC6MEd-Jla2o7wkBzQ);Server3 (ID: _vxqJwS6QEd-pNfzbJsur0g);Server3 (ID: _vxqJwS6QEd-pNfzbJsur0g);1;263;
Infinity;6.991065523107945;1206.9618444763405;3.9284131897349943;1031.402208494473;1.8629342072792825;773.1084527446899;5.64266236744958;1744749.25836832;FastReadTripDB (ID: B_letEAF41EeavvL8WcdoZSg);Exporter (ID: _QWlc0F_MEeahZew5WJ0QOQ);QuickBooking (ID: __VPcQOtlEd-m3_hR0FtH3Q);Server2 (ID: _h3wXgC6MEd-Jla2o7wkBzQ);Server2 (ID: _h3wXgC6MEd-Jla2o7wkBzQ);Server3 (ID: _vxqJwS6QEd-pNfzbJsur0g);Server3 (ID: _vxqJwS6QEd-pNfzbJsur0g);Server2 (ID: _h3wXgC6MEd-Jla2o7wkBzQ);1;264;
Infinity;4.3201003839730605;598.76991149846;4.144347906651121;1045.7727036192864;2.3220958265433507;522.4491807507547;4.618926316030375;1145348.4464636086;FastReadTripDB (ID: B_letEAF41EeavvL8WcdoZSg);Exporter (ID: _QWlc0F_MEeahZew5WJ0QOQ);BookingSystem (ID: _ZZH7IC6IEd-Jla2o7wkBzQ);Server2 (ID: _h3wXgC6MEd-Jla2o7wkBzQ);DBServer (ID: _7jiyMV5LEeavvL8WcdoZSg);Server2 (ID: _h3wXgC6MEd-Jla2o7wkBzQ);Server2 (ID: _h3wXgC6MEd-Jla2o7wkBzQ);DBServer (ID: _7jiyMV5LEeavvL8WcdoZSg);1;265;
Infinity;8.613509068866804;1519.863617667765;1.55604628612108;1814.4121500295826;3.3465650520580255;952.4836644087839;4.310404088843354;911104.6908091543;FastWriteTripDB (ID: C_letEAF41EeavvL8WcdoZSg);Exporter (ID: _QWlc0F_MEeahZew5WJ0QOQ);BookingSystem (ID: _ZZH7IC6IEd-Jla2o7wkBzQ);Server1 (ID: _g7HJEC6MEd-Jla2o7wkBzQ);DBServer (ID: _7jiyMV5LEeavvL8WcdoZSg);Server3 (ID: _vxqJwS6QEd-pNfzbJsur0g);Server3 (ID: _vxqJwS6QEd-pNfzbJsur0g);Server2 (ID: _h3wXgC6MEd-Jla2o7wkBzQ);1;266;
Infinity;3.2650696658121467;981.6864674662581;3.7995726128547695;631.0885607350577;5.9957197447794215;530.2253196001001;9.152380506051847;1166275.252195514;FastWriteTripDB (ID: C_letEAF41EeavvL8WcdoZSg);Exporter (ID: _QWlc0F_MEeahZew5WJ0QOQ);QuickBooking (ID: __VPcQOtlEd-m3_hR0FtH3Q);Server3 (ID: _vxqJwS6QEd-pNfzbJsur0g);Server2 (ID: _h3wXgC6MEd-Jla2o7wkBzQ);Server2 (ID: _h3wXgC6MEd-Jla2o7wkBzQ);Server1 (ID: _g7HJEC6MEd-Jla2o7wkBzQ);Server1 (ID: _g7HJEC6MEd-Jla2o7wkBzQ);1;267;
Infinity;7.728116421296627;503.86862944159446;4.021566263670815;868.8167887088582;1.6513939890243958;1803.2548990860826;6.656771928137793;599883.4851904432;FastWriteTripDB (ID: C_letEAF41EeavvL8WcdoZSg);Exporter (ID: _QWlc0F_MEeahZew5WJ0QOQ);QuickBooking (ID: __VPcQOtlEd-m3_hR0FtH3Q);Server3 (ID: _vxqJwS6QEd-pNfzbJsur0g);Server2 (ID: _h3wXgC6MEd-Jla2o7wkBzQ);Server1 (ID: _g7HJEC6MEd-Jla2o7wkBzQ);Server2 (ID: _h3wXgC6MEd-Jla2o7wkBzQ);Server3 (ID: _vxqJwS6QEd-pNfzbJsur0g);1;268;
Infinity;6.268183358372187;834.3884912207259;3.109291342959666;1268.1638109484784;5.046762095127924;1943.154434139671;8.187187139170941;694219.3304658891;FastReadTripDB (ID: B_letEAF41EeavvL8WcdoZSg);AlternativeExporter (ID: _K9EFUHXDEeauMPtoFodBVw);BookingSystem (ID: _ZZH7IC6IEd-Jla2o7wkBzQ);DBServer (ID: _7jiyMV5LEeavvL8WcdoZSg);Server1 (ID: _g7HJEC6MEd-Jla2o7wkBzQ);DBServer (ID: _7jiyMV5LEeavvL8WcdoZSg);Server1 (ID: _g7HJEC6MEd-Jla2o7wkBzQ);Server1 (ID: _g7HJEC6MEd-Jla2o7wkBzQ);1;269;
Infinity;4.522308364175643;1320.3064165582625;4.402482874885514;1447.0185744119585;2.5071256866490685;1866.3263861647783;4.322614523536652;1622503.9358280827;FastReadTripDB (ID: B_letEAF41EeavvL8WcdoZSg);Exporter (ID: _QWlc0F_MEeahZew5WJ0QOQ);BookingSystem (ID: _ZZH7IC6IEd-Jla2o7wkBzQ);Server3 (ID: _vxqJwS6QEd-pNfzbJsur0g);Server2 (ID: _h3wXgC6MEd-Jla2o7wkBzQ);Server3 (ID: _vxqJwS6QEd-pNfzbJsur0g);Server3 (ID: _vxqJwS6QEd-pNfzbJsur0g);Server3 (ID: _vxqJwS6QEd-pNfzbJsur0g);1;270;
Infinity;2.9265748441196324;902.3853418887538;4.156310017183835;837.4517228443224;2.7392523218627063;1180.4300925764646;3.3838688398068695;1609022.3230533223;FastReadTripDB (ID: B_letEAF41EeavvL8WcdoZSg);AlternativeExporter (ID: _K9EFUHXDEeauMPtoFodBVw);BookingSystem (ID: _ZZH7IC6IEd-Jla2o7wkBzQ);Server2 (ID: _h3wXgC6MEd-Jla2o7wkBzQ);Server2 (ID: _h3wXgC6MEd-Jla2o7wkBzQ);Server2 (ID: _h3wXgC6MEd-Jla2o7wkBzQ);DBServer (ID: _7jiyMV5LEeavvL8WcdoZSg);Server2 (ID: _h3wXgC6MEd-Jla2o7wkBzQ);1;271;
Infinity;7.97288456946722;1335.9623606403402;2.7345127496370165;1426.5820022369692;3.064545250398585;1513.8028871027805;4.0234876698362445;1875760.150649581;FastWriteTripDB (ID: C_letEAF41EeavvL8WcdoZSg);Exporter (ID: _QWlc0F_MEeahZew5WJ0QOQ);QuickBooking (ID: __VPcQOtlEd-m3_hR0FtH3Q);Server1 (ID: _g7HJEC6MEd-Jla2o7wkBzQ);Server2 (ID: _h3wXgC6MEd-Jla2o7wkBzQ);Server1 (ID: _g7HJEC6MEd-Jla2o7wkBzQ);DBServer (ID: _7jiyMV5LEeavvL8WcdoZSg);Server3 (ID: _vxqJwS6QEd-pNfzbJsur0g);1;272;
Infinity;5.688192379021198;768.0313411448196;3.9165570619216554;1023.9355760351283;2.8457528905631087;1610.237643931327;8.507557034251466;1440408.7079949114;TripDB (ID: _letEAF41EeavvL8WcdoZSg);Exporter (ID: _QWlc0F_MEeahZew5WJ0QOQ);QuickBooking (ID: __VPcQOtlEd-m3_hR0FtH3Q);Server2 (ID: _h3wXgC6MEd-Jla2o7wkBzQ);Server2 (ID: _h3wXgC6MEd-Jla2o7wkBzQ);Server1 (ID: _g7HJEC6MEd-Jla2o7wkBzQ);DBServer (ID: _7jiyMV5LEeavvL8WcdoZSg);Server1 (ID: _g7HJEC6MEd-Jla2o7wkBzQ);1;273;
Infinity;4.028528227103958;1290.8261743797832;2.9030379299954983;1422.396484198462;5.720526531763598;1325.8097896516622;5.304110115912417;1669352.2619627619;FastWriteTripDB (ID: C_letEAF41EeavvL8WcdoZSg);AlternativeExporter (ID: _K9EFUHXDEeauMPtoFodBVw);BookingSystem (ID: _ZZH7IC6IEd-Jla2o7wkBzQ);DBServer (ID: _7jiyMV5LEeavvL8WcdoZSg);Server1 (ID: _g7HJEC6MEd-Jla2o7wkBzQ);DBServer (ID: _7jiyMV5LEeavvL8WcdoZSg);Server3 (ID: _vxqJwS6QEd-pNfzbJsur0g);DBServer (ID: _7jiyMV5LEeavvL8WcdoZSg);1;274;
Infinity;3.6995231631945704;1654.1173507099952;4.43401999501289;815.4662506680074;1.9441342385548581;593.5286978029732;5.107465495581431;1298465.7926646557;FastReadTripDB (ID: B_letEAF41EeavvL8WcdoZSg);Exporter (ID: _QWlc0F_MEeahZew5WJ0QOQ);QuickBooking (ID: __VPcQOtlEd-m3_hR0FtH3Q);Server2 (ID: _h3wXgC6MEd-Jla2o7wkBzQ);Server1 (ID: _g7HJEC6MEd-Jla2o7wkBzQ);Server3 (ID: _vxqJwS6QEd-pNfzbJsur0g);Server1 (ID: _g7HJEC6MEd-Jla2o7wkBzQ);Server3 (ID: _vxqJwS6QEd-pNfzbJsur0g);1;275;
Infinity;4.959096606258067;519.8080308417187;4.437316151316546;1533.9595489330015;2.3596412051383044;1710.1632084652574;2.632237974279502;661635.1198869856;TripDB (ID: _letEAF41EeavvL8WcdoZSg);AlternativeExporter (ID: _K9EFUHXDEeauMPtoFodBVw);BookingSystem (ID: _ZZH7IC6IEd-Jla2o7wkBzQ);Server2 (ID: _h3wXgC6MEd-Jla2o7wkBzQ);Server3 (ID: _vxqJwS6QEd-pNfzbJsur0g);Server2 (ID: _h3wXgC6MEd-Jla2o7wkBzQ);Server2 (ID: _h3wXgC6MEd-Jla2o7wkBzQ);DBServer (ID: _7jiyMV5LEeavvL8WcdoZSg);1;276;
Infinity;7.728579506404613;1796.7873695176893;5.639173580235369;991.0055586993847;4.744534879957838;759.9748879108447;9.49903320066769;1084871.131762715;FastReadTripDB (ID: B_letEAF41EeavvL8WcdoZSg);Exporter (ID: _QWlc0F_MEeahZew5WJ0QOQ);QuickBooking (ID: __VPcQOtlEd-m3_hR0FtH3Q);Server3 (ID: _vxqJwS6QEd-pNfzbJsur0g);DBServer (ID: _7jiyMV5LEeavvL8WcdoZSg);Server3 (ID: _vxqJwS6QEd-pNfzbJsur0g);Server1 (ID: _g7HJEC6MEd-Jla2o7wkBzQ);Server2 (ID: _h3wXgC6MEd-Jla2o7wkBzQ);1;277;
Infinity;7.595213607527267;1384.7000220611947;4.177014426795263;1721.6845890649429;5.275048493904448;877.2037517508916;2.5179043727638732;1349565.797492355;TripDB (ID: _letEAF41EeavvL8WcdoZSg);Exporter (ID: _QWlc0F_MEeahZew5WJ0QOQ);QuickBooking (ID: __VPcQOtlEd-m3_hR0FtH3Q);Server3 (ID: _vxqJwS6QEd-pNfzbJsur0g);Server3 (ID: _vxqJwS6QEd-pNfzbJsur0g);Server2 (ID: _h3wXgC6MEd-Jla2o7wkBzQ);Server3 (ID: _vxqJwS6QEd-pNfzbJsur0g);Server2 (ID: _h3wXgC6MEd-Jla2o7wkBzQ);1;278;
Infinity;2.8336366638097745;1249.9357129068965;1.5043246994983877;1216.8283875479824;5.129966115058072;1558.8839401652262;5.210860783860005;915630.1228242577;FastWriteTripDB (ID: C_letEAF41EeavvL8WcdoZSg);Exporter (ID: _QWlc0F_MEeahZew5WJ0QOQ);BookingSystem (ID: _ZZH7IC6IEd-Jla2o7wkBzQ);DBServer (ID: _7jiyMV5LEeavvL8WcdoZSg);Server1 (ID: _g7HJEC6MEd-Jla2o7wkBzQ);Server3 (ID: _vxqJwS6QEd-pNfzbJsur0g);Server2 (ID: _h3wXgC6MEd-Jla2o7wkBzQ);Server3 (ID: _vxqJwS6QEd-pNfzbJsur0g);1;279;
Infinity;4.551605140647724;1640.3456377672019;5.590518457827628;1265.820748123931;5.120422815959381;1844.1521548021262;7.54989835440159;1837011.9449969605;FastReadTripDB (ID: B_letEAF41EeavvL8WcdoZSg);Exporter (ID: _QWlc0F_MEeahZew5WJ0QOQ);QuickBooking (ID: __VPcQOtlEd-m3_hR0FtH3Q);DBServer (ID: _7jiyMV5LEeavvL8WcdoZSg);DBServer (ID: _7jiyMV5LEeavvL8WcdoZSg);Server3 (ID: _vxqJwS6QEd-pNfzbJsur0g);Server2 (ID: _h3wXgC6MEd-Jla2o7wkBzQ);DBServer (ID: _7jiyMV5LEeavvL8WcdoZSg);1;280;
Infinity;2.5755290042423296;617.5820144174046;3.5194525524425897;1318.1997220128655;3.53080995668831;596.2863990086931;9.70236850818312;1533774.5343652396;FastReadTripDB (ID: B_letEAF41EeavvL8WcdoZSg);Exporter (ID: _QWlc0F_MEeahZew5WJ0QOQ);QuickBooking (ID: __VPcQOtlEd-m3_hR0FtH3Q);Server2 (ID: _h3wXgC6MEd-Jla2o7wkBzQ);DBServer (ID: _7jiyMV5LEeavvL8WcdoZSg);DBServer (ID: _7jiyMV5LEeavvL8WcdoZSg);Server2 (ID: _h3wXgC6MEd-Jla2o7wkBzQ);Server1 (ID: _g7HJEC6MEd-Jla2o7wkBzQ);1;281;
Infinity;5.278899074090978;1494.2024406396104;1.6818456198544605;540.5237821965027;3.7577469533519103;1312.8965238051928;3.586265580731915;579054.0332067497;FastWriteTripDB (ID: C_letEAF41EeavvL8WcdoZSg);AlternativeExporter (ID: _K9EFUHXDEeauMPtoFodBVw);QuickBooking (ID: __VPcQOtlEd-m3_hR0FtH3Q);Server3 (ID: _vxqJwS6QEd-pNfzbJsur0g);Server2 (ID: _h3wXgC6MEd-Jla2o7wkBzQ);DBServer (ID: _7jiyMV5LEeavvL8WcdoZSg);Server1 (ID: _g7HJEC6MEd-Jla2o7wkBzQ);Server1 (ID: _g7HJEC6MEd-Jla2o7wkBzQ);1;282;
Infinity;2.4603245630697086;1057.4006067997425;4.784581570638013;1194.2787635634922;2.513977488806356;1772.5411282075381;7.028054137683952;1006185.0723504801;TripDB (ID: _letEAF41EeavvL8WcdoZSg);Exporter (ID: _QWlc0F_MEeahZew5WJ0QOQ);QuickBooking (ID: __VPcQOtlEd-m3_hR0FtH3Q);Server3 (ID: _vxqJwS6QEd-pNfzbJsur0g);Server1 (ID: _g7HJEC6MEd-Jla2o7wkBzQ);Server1 (ID: _g7HJEC6MEd-Jla2o7wkBzQ);DBServer (ID: _7jiyMV5LEeavvL8WcdoZSg);Server1 (ID: _g7HJEC6MEd-Jla2o7wkBzQ);1;283;
Infinity;5.548191264473289;753.964260141867;3.0127832035614257;1530.5055729901921;5.176909979865605;1817.031440137293;8.751470282498028;1219931.8408926004;FastReadTripDB (ID: B_letEAF41EeavvL8WcdoZSg);AlternativeExporter (ID: _K9EFUHXDEeauMPtoFodBVw);BookingSystem (ID: _ZZH7IC6IEd-Jla2o7wkBzQ);Server3 (ID: _vxqJwS6QEd-pNfzbJsur0g);Server3 (ID: _vxqJwS6QEd-pNfzbJsur0g);Server3 (ID: _vxqJwS6QEd-pNfzbJsur0g);Server1 (ID: _g7HJEC6MEd-Jla2o7wkBzQ);Server1 (ID: _g7HJEC6MEd-Jla2o7wkBzQ);1;284;
Infinity;8.025338573473064;1416.6740561251179;3.657738091038273;1839.2663423330478;1.818375669982903;1473.060043031683;4.459741879601219;776737.115676369;TripDB (ID: _letEAF41EeavvL8WcdoZSg);Exporter (ID: _QWlc0F_MEeahZew5WJ0QOQ);BookingSystem (ID: _ZZH7IC6IEd-Jla2o7wkBzQ);Server3 (ID: _vxqJwS6QEd-pNfzbJsur0g);Server3 (ID: _vxqJwS6QEd-pNfzbJsur0g);DBServer (ID: _7jiyMV5LEeavvL8WcdoZSg);DBServer (ID: _7jiyMV5LEeavvL8WcdoZSg);Server3 (ID: _vxqJwS6QEd-pNfzbJsur0g);1;285;
Infinity;5.8661396979252345;502.9062419835902;5.914276821687577;1188.2881536538775;4.134205465637143;1218.341029521639;3.470346438183372;832454.9509419166;FastReadTripDB (ID: B_letEAF41EeavvL8WcdoZSg);AlternativeExporter (ID: _K9EFUHXDEeauMPtoFodBVw);QuickBooking (ID: __VPcQOtlEd-m3_hR0FtH3Q);Server1 (ID: _g7HJEC6MEd-Jla2o7wkBzQ);Server1 (ID: _g7HJEC6MEd-Jla2o7wkBzQ);Server3 (ID: _vxqJwS6QEd-pNfzbJsur0g);DBServer (ID: _7jiyMV5LEeavvL8WcdoZSg);Server3 (ID: _vxqJwS6QEd-pNfzbJsur0g);1;286;
Infinity;3.8080223541188265;1818.9774873468068;1.7579188972160968;1978.420030716522;5.837784426035657;1922.3242426733516;5.504394228542683;881192.34274698;FastReadTripDB (ID: B_letEAF41EeavvL8WcdoZSg);AlternativeExporter (ID: _K9EFUHXDEeauMPtoFodBVw);QuickBooking (ID: __VPcQOtlEd-m3_hR0FtH3Q);Server1 (ID: _g7HJEC6MEd-Jla2o7wkBzQ);Server1 (ID: _g7HJEC6MEd-Jla2o7wkBzQ);Server3 (ID: _vxqJwS6QEd-pNfzbJsur0g);DBServer (ID: _7jiyMV5LEeavvL8WcdoZSg);DBServer (ID: _7jiyMV5LEeavvL8WcdoZSg);1;287;
Infinity;2.8952021625672146;1800.2074385450696;4.077652297390506;1119.568973356725;4.987638452518117;771.8675138275145;6.734182538883641;1344661.1654864943;TripDB (ID: _letEAF41EeavvL8WcdoZSg);AlternativeExporter (ID: _K9EFUHXDEeauMPtoFodBVw);BookingSystem (ID: _ZZH7IC6IEd-Jla2o7wkBzQ);Server1 (ID: _g7HJEC6MEd-Jla2o7wkBzQ);Server3 (ID: _vxqJwS6QEd-pNfzbJsur0g);Server2 (ID: _h3wXgC6MEd-Jla2o7wkBzQ);Server2 (ID: _h3wXgC6MEd-Jla2o7wkBzQ);Server1 (ID: _g7HJEC6MEd-Jla2o7wkBzQ);1;288;
Infinity;5.613400379743943;1116.09460800957;3.440939612460391;1247.2700070458704;5.083543320275362;1901.426248499586;4.713289309062716;1571696.3776438562;TripDB (ID: _letEAF41EeavvL8WcdoZSg);Exporter (ID: _QWlc0F_MEeahZew5WJ0QOQ);QuickBooking (ID: __VPcQOtlEd-m3_hR0FtH3Q);DBServer (ID: _7jiyMV5LEeavvL8WcdoZSg);Server1 (ID: _g7HJEC6MEd-Jla2o7wkBzQ);Server2 (ID: _h3wXgC6MEd-Jla2o7wkBzQ);DBServer (ID: _7jiyMV5LEeavvL8WcdoZSg);Server2 (ID: _h3wXgC6MEd-Jla2o7wkBzQ);1;289;
Infinity;8.989515988057349;655.5933925327199;5.204089307332676;753.2802659687035;2.262062203122022;660.5565914209596;9.501939538669786;757103.9811135188;FastWriteTripDB (ID: C_letEAF41EeavvL8WcdoZSg);AlternativeExporter (ID: _K9EFUHXDEeauMPtoFodBVw);BookingSystem (ID: _ZZH7IC6IEd-Jla2o7wkBzQ);Server2 (ID: _h3wXgC6MEd-Jla2o7wkBzQ);Server2 (ID: _h3wXgC6MEd-Jla2o7wkBzQ);Server1 (ID: _g7HJEC6MEd-Jla2o7wkBzQ);Server1 (ID: _g7HJEC6MEd-Jla2o7wkBzQ);Server3 (ID: _vxqJwS6QEd-pNfzbJsur0g);1;290;
Infinity;7.44529555347305;1276.9623650918038;3.047831288292424;999.687496069027;1.8037795118617963;989.9105411134938;9.86632230009026;1103157.1352943014;FastWriteTripDB (ID: C_letEAF41EeavvL8WcdoZSg);AlternativeExporter (ID: _K9EFUHXDEeauMPtoFodBVw);BookingSystem (ID: _ZZH7IC6IEd-Jla2o7wkBzQ);Server1 (ID: _g7HJEC6MEd-Jla2o7wkBzQ);Server2 (ID: _h3wXgC6MEd-Jla2o7wkBzQ);Server2 (ID: _h3wXgC6MEd-Jla2o7wkBzQ);Server3 (ID: _vxqJwS6QEd-pNfzbJsur0g);Server3 (ID: _vxqJwS6QEd-pNfzbJsur0g);1;291;
Infinity;8.987074861130676;1459.162126773722;4.322727083177195;1643.0117978149324;4.3902793751058695;1730.3158669620082;9.549234984546219;1858851.2673682808;FastWriteTripDB (ID: C_letEAF41EeavvL8WcdoZSg);AlternativeExporter (ID: _K9EFUHXDEeauMPtoFodBVw);BookingSystem (ID: _ZZH7IC6IEd-Jla2o7wkBzQ);Server1 (ID: _g7HJEC6MEd-Jla2o7wkBzQ);DBServer (ID: _7jiyMV5LEeavvL8WcdoZSg);Server1 (ID: _g7HJEC6MEd-Jla2o7wkBzQ);Server3 (ID: _vxqJwS6QEd-pNfzbJsur0g);DBServer (ID: _7jiyMV5LEeavvL8WcdoZSg);1;292;
Infinity;6.16408141599102;505.61922091471274;2.040087260404607;787.1104111747517;3.094274454822818;1874.9079199336222;4.3796993047607575;1874735.9359400233;FastReadTripDB (ID: B_letEAF41EeavvL8WcdoZSg);AlternativeExporter (ID: _K9EFUHXDEeauMPtoFodBVw);BookingSystem (ID: _ZZH7IC6IEd-Jla2o7wkBzQ);Server2 (ID: _h3wXgC6MEd-Jla2o7wkBzQ);Server3 (ID: _vxqJwS6QEd-pNfzbJsur0g);Server3 (ID: _vxqJwS6QEd-pNfzbJsur0g);Server3 (ID: _vxqJwS6QEd-pNfzbJsur0g);Server3 (ID: _vxqJwS6QEd-pNfzbJsur0g);1;293;
Infinity;4.26714619054519;1240.465117871901;2.3840577364832027;796.5297050607396;3.3827128052731745;1881.3855852607664;4.851916417017437;1679948.4968175483;FastWriteTripDB (ID: C_letEAF41EeavvL8WcdoZSg);Exporter (ID: _QWlc0F_MEeahZew5WJ0QOQ);BookingSystem (ID: _ZZH7IC6IEd-Jla2o7wkBzQ);Server2 (ID: _h3wXgC6MEd-Jla2o7wkBzQ);DBServer (ID: _7jiyMV5LEeavvL8WcdoZSg);Server1 (ID: _g7HJEC6MEd-Jla2o7wkBzQ);DBServer (ID: _7jiyMV5LEeavvL8WcdoZSg);Server1 (ID: _g7HJEC6MEd-Jla2o7wkBzQ);1;294;
Infinity;2.5987744869673195;1248.2131897222184;4.799907173129705;507.5156817504597;2.9506227693570586;1033.4936036845984;8.645965094830242;1434532.5402938458;FastReadTripDB (ID: B_letEAF41EeavvL8WcdoZSg);AlternativeExporter (ID: _K9EFUHXDEeauMPtoFodBVw);BookingSystem (ID: _ZZH7IC6IEd-Jla2o7wkBzQ);Server3 (ID: _vxqJwS6QEd-pNfzbJsur0g);Server3 (ID: _vxqJwS6QEd-pNfzbJsur0g);Server1 (ID: _g7HJEC6MEd-Jla2o7wkBzQ);Server1 (ID: _g7HJEC6MEd-Jla2o7wkBzQ);Server2 (ID: _h3wXgC6MEd-Jla2o7wkBzQ);1;295;
Infinity;3.1566181925183816;994.9646414163891;2.985407016037842;1656.16648059246;1.8063551159959346;1134.3559523279046;9.000783285630785;825601.8182444854;FastWriteTripDB (ID: C_letEAF41EeavvL8WcdoZSg);Exporter (ID: _QWlc0F_MEeahZew5WJ0QOQ);BookingSystem (ID: _ZZH7IC6IEd-Jla2o7wkBzQ);Server3 (ID: _vxqJwS6QEd-pNfzbJsur0g);Server1 (ID: _g7HJEC6MEd-Jla2o7wkBzQ);Server1 (ID: _g7HJEC6MEd-Jla2o7wkBzQ);Server3 (ID: _vxqJwS6QEd-pNfzbJsur0g);DBServer (ID: _7jiyMV5LEeavvL8WcdoZSg);1;296;
Infinity;3.8573290475473776;705.0565207532925;2.2753511077053803;1331.7244890116135;4.12228304976742;1266.0331398589747;6.605689909797984;732628.5253944233;FastReadTripDB (ID: B_letEAF41EeavvL8WcdoZSg);AlternativeExporter (ID: _K9EFUHXDEeauMPtoFodBVw);QuickBooking (ID: __VPcQOtlEd-m3_hR0FtH3Q);DBServer (ID: _7jiyMV5LEeavvL8WcdoZSg);DBServer (ID: _7jiyMV5LEeavvL8WcdoZSg);DBServer (ID: _7jiyMV5LEeavvL8WcdoZSg);Server3 (ID: _vxqJwS6QEd-pNfzbJsur0g);Server2 (ID: _h3wXgC6MEd-Jla2o7wkBzQ);1;297;
Infinity;7.781753424018461;1726.4312943657058;3.617531867727605;1958.4053179457371;1.607689918199255;568.5029222948369;6.8890887219312305;1600828.0640150148;TripDB (ID: _letEAF41EeavvL8WcdoZSg);Exporter (ID: _QWlc0F_MEeahZew5WJ0QOQ);QuickBooking (ID: __VPcQOtlEd-m3_hR0FtH3Q);Server2 (ID: _h3wXgC6MEd-Jla2o7wkBzQ);DBServer (ID: _7jiyMV5LEeavvL8WcdoZSg);Server3 (ID: _vxqJwS6QEd-pNfzbJsur0g);Server1 (ID: _g7HJEC6MEd-Jla2o7wkBzQ);Server2 (ID: _h3wXgC6MEd-Jla2o7wkBzQ);1;298;
Infinity;4.251902792326284;887.3046203064342;2.3698220634721254;1833.8093028076332;4.85359100280728;1046.8874062147984;5.5482373200713235;922881.9732585021;FastWriteTripDB (ID: C_letEAF41EeavvL8WcdoZSg);Exporter (ID: _QWlc0F_MEeahZew5WJ0QOQ);BookingSystem (ID: _ZZH7IC6IEd-Jla2o7wkBzQ);DBServer (ID: _7jiyMV5LEeavvL8WcdoZSg);Server3 (ID: _vxqJwS6QEd-pNfzbJsur0g);Server2 (ID: _h3wXgC6MEd-Jla2o7wkBzQ);Server1 (ID: _g7HJEC6MEd-Jla2o7wkBzQ);Server1 (ID: _g7HJEC6MEd-Jla2o7wkBzQ);1;299;
